"MPIO_CDPMP","FID","REGION","Cardinal","elsnlfc","elsnmrfc","clrgstch","clrgwkch"
"05001",282,"Región Eje Cafetero - Antioquia","North",0.25,0.222,0.333,0.1
"05002",305,"Región Eje Cafetero - Antioquia","North",0.25,0.222,0.333,0.1
"05004",304,"Región Eje Cafetero - Antioquia","North",0.25,0.222,0.333,0.1
"05021",303,"Región Eje Cafetero - Antioquia","North",0.25,0.222,0.333,0.1
"05030",302,"Región Eje Cafetero - Antioquia","North",0.25,0.222,0.333,0.1
"05031",301,"Región Eje Cafetero - Antioquia","North",0.25,0.222,0.333,0.1
"05034",300,"Región Eje Cafetero - Antioquia","North",0.25,0.222,0.333,0.1
"05036",299,"Región Eje Cafetero - Antioquia","North",0.25,0.222,0.333,0.1
"05038",298,"Región Eje Cafetero - Antioquia","North",0.25,0.222,0.333,0.1
"05040",297,"Región Eje Cafetero - Antioquia","North",0.25,0.222,0.333,0.1
"05042",296,"Región Eje Cafetero - Antioquia","North",0.25,0.222,0.333,0.1
"05044",295,"Región Eje Cafetero - Antioquia","North",0.25,0.222,0.333,0.1
"05045",404,"Región Eje Cafetero - Antioquia","North",0.25,0.222,0.333,0.1
"05051",294,"Región Eje Cafetero - Antioquia","North",0.25,0.222,0.333,0.1
"05055",293,"Región Eje Cafetero - Antioquia","North",0.25,0.222,0.333,0.1
"05059",292,"Región Eje Cafetero - Antioquia","North",0.25,0.222,0.333,0.1
"05079",291,"Región Eje Cafetero - Antioquia","North",0.25,0.222,0.333,0.1
"05086",290,"Región Eje Cafetero - Antioquia","North",0.25,0.222,0.333,0.1
"05088",289,"Región Eje Cafetero - Antioquia","North",0.25,0.222,0.333,0.1
"05091",288,"Región Eje Cafetero - Antioquia","North",0.25,0.222,0.333,0.1
"05093",287,"Región Eje Cafetero - Antioquia","North",0.25,0.222,0.333,0.1
"05101",283,"Región Eje Cafetero - Antioquia","North",0.25,0.222,0.333,0.1
"05107",284,"Región Eje Cafetero - Antioquia","North",0.25,0.222,0.333,0.1
"05113",285,"Región Eje Cafetero - Antioquia","North",0.25,0.222,0.333,0.1
"05120",286,"Región Eje Cafetero - Antioquia","North",0.25,0.222,0.333,0.1
"05125",351,"Región Eje Cafetero - Antioquia","North",0.25,0.222,0.333,0.1
"05129",350,"Región Eje Cafetero - Antioquia","North",0.25,0.222,0.333,0.1
"05134",349,"Región Eje Cafetero - Antioquia","North",0.25,0.222,0.333,0.1
"05138",348,"Región Eje Cafetero - Antioquia","North",0.25,0.222,0.333,0.1
"05142",347,"Región Eje Cafetero - Antioquia","North",0.25,0.222,0.333,0.1
"05145",346,"Región Eje Cafetero - Antioquia","North",0.25,0.222,0.333,0.1
"05147",345,"Región Eje Cafetero - Antioquia","North",0.25,0.222,0.333,0.1
"05148",344,"Región Eje Cafetero - Antioquia","North",0.25,0.222,0.333,0.1
"05150",343,"Región Eje Cafetero - Antioquia","North",0.25,0.222,0.333,0.1
"05154",342,"Región Eje Cafetero - Antioquia","North",0.25,0.222,0.333,0.1
"05172",341,"Región Eje Cafetero - Antioquia","North",0.25,0.222,0.333,0.1
"05190",340,"Región Eje Cafetero - Antioquia","North",0.25,0.222,0.333,0.1
"05197",339,"Región Eje Cafetero - Antioquia","North",0.25,0.222,0.333,0.1
"05206",338,"Región Eje Cafetero - Antioquia","North",0.25,0.222,0.333,0.1
"05209",337,"Región Eje Cafetero - Antioquia","North",0.25,0.222,0.333,0.1
"05212",336,"Región Eje Cafetero - Antioquia","North",0.25,0.222,0.333,0.1
"05234",398,"Región Eje Cafetero - Antioquia","North",0.25,0.222,0.333,0.1
"05237",335,"Región Eje Cafetero - Antioquia","North",0.25,0.222,0.333,0.1
"05240",334,"Región Eje Cafetero - Antioquia","North",0.25,0.222,0.333,0.1
"05250",333,"Región Eje Cafetero - Antioquia","North",0.25,0.222,0.333,0.1
"05264",332,"Región Eje Cafetero - Antioquia","North",0.25,0.222,0.333,0.1
"05266",331,"Región Eje Cafetero - Antioquia","North",0.25,0.222,0.333,0.1
"05282",330,"Región Eje Cafetero - Antioquia","North",0.25,0.222,0.333,0.1
"05284",399,"Región Eje Cafetero - Antioquia","North",0.25,0.222,0.333,0.1
"05306",329,"Región Eje Cafetero - Antioquia","North",0.25,0.222,0.333,0.1
"05308",397,"Región Eje Cafetero - Antioquia","North",0.25,0.222,0.333,0.1
"05310",396,"Región Eje Cafetero - Antioquia","North",0.25,0.222,0.333,0.1
"05313",395,"Región Eje Cafetero - Antioquia","North",0.25,0.222,0.333,0.1
"05315",394,"Región Eje Cafetero - Antioquia","North",0.25,0.222,0.333,0.1
"05318",393,"Región Eje Cafetero - Antioquia","North",0.25,0.222,0.333,0.1
"05321",392,"Región Eje Cafetero - Antioquia","North",0.25,0.222,0.333,0.1
"05347",391,"Región Eje Cafetero - Antioquia","North",0.25,0.222,0.333,0.1
"05353",390,"Región Eje Cafetero - Antioquia","North",0.25,0.222,0.333,0.1
"05360",389,"Región Eje Cafetero - Antioquia","North",0.25,0.222,0.333,0.1
"05361",400,"Región Eje Cafetero - Antioquia","North",0.25,0.222,0.333,0.1
"05364",388,"Región Eje Cafetero - Antioquia","North",0.25,0.222,0.333,0.1
"05368",387,"Región Eje Cafetero - Antioquia","North",0.25,0.222,0.333,0.1
"05376",386,"Región Eje Cafetero - Antioquia","North",0.25,0.222,0.333,0.1
"05380",1121,"Región Eje Cafetero - Antioquia","North",0.25,0.222,0.333,0.1
"05390",385,"Región Eje Cafetero - Antioquia","North",0.25,0.222,0.333,0.1
"05400",384,"Región Eje Cafetero - Antioquia","North",0.25,0.222,0.333,0.1
"05411",383,"Región Eje Cafetero - Antioquia","North",0.25,0.222,0.333,0.1
"05425",382,"Región Eje Cafetero - Antioquia","North",0.25,0.222,0.333,0.1
"05440",381,"Región Eje Cafetero - Antioquia","North",0.25,0.222,0.333,0.1
"05467",380,"Región Eje Cafetero - Antioquia","North",0.25,0.222,0.333,0.1
"05475",402,"Región Eje Cafetero - Antioquia","North",0.25,0.222,0.333,0.1
"05480",379,"Región Eje Cafetero - Antioquia","North",0.25,0.222,0.333,0.1
"05483",378,"Región Eje Cafetero - Antioquia","North",0.25,0.222,0.333,0.1
"05490",377,"Región Eje Cafetero - Antioquia","North",0.25,0.222,0.333,0.1
"05495",376,"Región Eje Cafetero - Antioquia","North",0.25,0.222,0.333,0.1
"05501",375,"Región Eje Cafetero - Antioquia","North",0.25,0.222,0.333,0.1
"05541",374,"Región Eje Cafetero - Antioquia","North",0.25,0.222,0.333,0.1
"05543",373,"Región Eje Cafetero - Antioquia","North",0.25,0.222,0.333,0.1
"05576",372,"Región Eje Cafetero - Antioquia","North",0.25,0.222,0.333,0.1
"05579",371,"Región Eje Cafetero - Antioquia","North",0.25,0.222,0.333,0.1
"05585",370,"Región Eje Cafetero - Antioquia","North",0.25,0.222,0.333,0.1
"05591",369,"Región Eje Cafetero - Antioquia","North",0.25,0.222,0.333,0.1
"05604",368,"Región Eje Cafetero - Antioquia","North",0.25,0.222,0.333,0.1
"05607",367,"Región Eje Cafetero - Antioquia","North",0.25,0.222,0.333,0.1
"05615",366,"Región Eje Cafetero - Antioquia","North",0.25,0.222,0.333,0.1
"05628",365,"Región Eje Cafetero - Antioquia","North",0.25,0.222,0.333,0.1
"05631",1120,"Región Eje Cafetero - Antioquia","North",0.25,0.222,0.333,0.1
"05642",364,"Región Eje Cafetero - Antioquia","North",0.25,0.222,0.333,0.1
"05647",363,"Región Eje Cafetero - Antioquia","North",0.25,0.222,0.333,0.1
"05649",362,"Región Eje Cafetero - Antioquia","North",0.25,0.222,0.333,0.1
"05652",361,"Región Eje Cafetero - Antioquia","North",0.25,0.222,0.333,0.1
"05656",360,"Región Eje Cafetero - Antioquia","North",0.25,0.222,0.333,0.1
"05658",359,"Región Eje Cafetero - Antioquia","North",0.25,0.222,0.333,0.1
"05659",358,"Región Eje Cafetero - Antioquia","North",0.25,0.222,0.333,0.1
"05660",357,"Región Eje Cafetero - Antioquia","North",0.25,0.222,0.333,0.1
"05664",356,"Región Eje Cafetero - Antioquia","North",0.25,0.222,0.333,0.1
"05665",355,"Región Eje Cafetero - Antioquia","North",0.25,0.222,0.333,0.1
"05667",354,"Región Eje Cafetero - Antioquia","North",0.25,0.222,0.333,0.1
"05670",353,"Región Eje Cafetero - Antioquia","North",0.25,0.222,0.333,0.1
"05674",352,"Región Eje Cafetero - Antioquia","North",0.25,0.222,0.333,0.1
"05679",328,"Región Eje Cafetero - Antioquia","North",0.25,0.222,0.333,0.1
"05686",327,"Región Eje Cafetero - Antioquia","North",0.25,0.222,0.333,0.1
"05690",326,"Región Eje Cafetero - Antioquia","North",0.25,0.222,0.333,0.1
"05697",325,"Región Eje Cafetero - Antioquia","North",0.25,0.222,0.333,0.1
"05736",324,"Región Eje Cafetero - Antioquia","North",0.25,0.222,0.333,0.1
"05756",323,"Región Eje Cafetero - Antioquia","North",0.25,0.222,0.333,0.1
"05761",322,"Región Eje Cafetero - Antioquia","North",0.25,0.222,0.333,0.1
"05789",321,"Región Eje Cafetero - Antioquia","North",0.25,0.222,0.333,0.1
"05790",320,"Región Eje Cafetero - Antioquia","North",0.25,0.222,0.333,0.1
"05792",319,"Región Eje Cafetero - Antioquia","North",0.25,0.222,0.333,0.1
"05809",318,"Región Eje Cafetero - Antioquia","North",0.25,0.222,0.333,0.1
"05819",317,"Región Eje Cafetero - Antioquia","North",0.25,0.222,0.333,0.1
"05837",316,"Región Eje Cafetero - Antioquia","North",0.25,0.222,0.333,0.1
"05842",315,"Región Eje Cafetero - Antioquia","North",0.25,0.222,0.333,0.1
"05847",401,"Región Eje Cafetero - Antioquia","North",0.25,0.222,0.333,0.1
"05854",314,"Región Eje Cafetero - Antioquia","North",0.25,0.222,0.333,0.1
"05856",313,"Región Eje Cafetero - Antioquia","North",0.25,0.222,0.333,0.1
"05858",312,"Región Eje Cafetero - Antioquia","North",0.25,0.222,0.333,0.1
"05861",311,"Región Eje Cafetero - Antioquia","North",0.25,0.222,0.333,0.1
"05873",403,"Región Eje Cafetero - Antioquia","North",0.25,0.222,0.333,0.1
"05885",310,"Región Eje Cafetero - Antioquia","North",0.25,0.222,0.333,0.1
"05887",309,"Región Eje Cafetero - Antioquia","North",0.25,0.222,0.333,0.1
"05890",308,"Región Eje Cafetero - Antioquia","North",0.25,0.222,0.333,0.1
"05893",307,"Región Eje Cafetero - Antioquia","North",0.25,0.222,0.333,0.1
"05895",306,"Región Eje Cafetero - Antioquia","North",0.25,0.222,0.333,0.1
"08001",466,"Región Caribe","North",0.25,0.222,0.333,0.1
"08078",467,"Región Caribe","North",0.25,0.222,0.333,0.1
"08137",468,"Región Caribe","North",0.25,0.222,0.333,0.1
"08141",469,"Región Caribe","North",0.25,0.222,0.333,0.1
"08296",470,"Región Caribe","North",0.25,0.222,0.333,0.1
"08372",471,"Región Caribe","North",0.25,0.222,0.333,0.1
"08421",472,"Región Caribe","North",0.25,0.222,0.333,0.1
"08433",473,"Región Caribe","North",0.25,0.222,0.333,0.1
"08436",474,"Región Caribe","North",0.25,0.222,0.333,0.1
"08520",475,"Región Caribe","North",0.25,0.222,0.333,0.1
"08549",476,"Región Caribe","North",0.25,0.222,0.333,0.1
"08558",477,"Región Caribe","North",0.25,0.222,0.333,0.1
"08560",478,"Región Caribe","North",0.25,0.222,0.333,0.1
"08573",479,"Región Caribe","North",0.25,0.222,0.333,0.1
"08606",480,"Región Caribe","North",0.25,0.222,0.333,0.1
"08634",481,"Región Caribe","North",0.25,0.222,0.333,0.1
"08638",482,"Región Caribe","North",0.25,0.222,0.333,0.1
"08675",483,"Región Caribe","North",0.25,0.222,0.333,0.1
"08685",484,"Región Caribe","North",0.25,0.222,0.333,0.1
"08758",485,"Región Caribe","North",0.25,0.222,0.333,0.1
"08770",486,"Región Caribe","North",0.25,0.222,0.333,0.1
"08832",487,"Región Caribe","North",0.25,0.222,0.333,0.1
"08849",488,"Región Caribe","North",0.25,0.222,0.333,0.1
"11001",908,"Región Centro Oriente","East",0.125,0,0.111,0.3
"13001",489,"Región Caribe","North",0.25,0.222,0.333,0.1
"13006",490,"Región Caribe","North",0.25,0.222,0.333,0.1
"13030",491,"Región Caribe","North",0.25,0.222,0.333,0.1
"13042",492,"Región Caribe","North",0.25,0.222,0.333,0.1
"13052",493,"Región Caribe","North",0.25,0.222,0.333,0.1
"13062",494,"Región Caribe","North",0.25,0.222,0.333,0.1
"13074",495,"Región Caribe","North",0.25,0.222,0.333,0.1
"13140",496,"Región Caribe","North",0.25,0.222,0.333,0.1
"13160",497,"Región Caribe","North",0.25,0.222,0.333,0.1
"13188",498,"Región Caribe","North",0.25,0.222,0.333,0.1
"13212",499,"Región Caribe","North",0.25,0.222,0.333,0.1
"13222",500,"Región Caribe","North",0.25,0.222,0.333,0.1
"13244",501,"Región Caribe","North",0.25,0.222,0.333,0.1
"13248",502,"Región Caribe","North",0.25,0.222,0.333,0.1
"13268",503,"Región Caribe","North",0.25,0.222,0.333,0.1
"13300",1108,"Región Caribe","North",0.25,0.222,0.333,0.1
"13430",1110,"Región Caribe","North",0.25,0.222,0.333,0.1
"13433",504,"Región Caribe","North",0.25,0.222,0.333,0.1
"13440",505,"Región Caribe","North",0.25,0.222,0.333,0.1
"13442",506,"Región Caribe","North",0.25,0.222,0.333,0.1
"13458",507,"Región Caribe","North",0.25,0.222,0.333,0.1
"13468",508,"Región Caribe","North",0.25,0.222,0.333,0.1
"13473",509,"Región Caribe","North",0.25,0.222,0.333,0.1
"13490",510,"Región Caribe","North",0.25,0.222,0.333,0.1
"13549",511,"Región Caribe","North",0.25,0.222,0.333,0.1
"13580",512,"Región Caribe","North",0.25,0.222,0.333,0.1
"13600",513,"Región Caribe","North",0.25,0.222,0.333,0.1
"13620",514,"Región Caribe","North",0.25,0.222,0.333,0.1
"13647",515,"Región Caribe","North",0.25,0.222,0.333,0.1
"13650",1109,"Región Caribe","North",0.25,0.222,0.333,0.1
"13654",516,"Región Caribe","North",0.25,0.222,0.333,0.1
"13655",517,"Región Caribe","North",0.25,0.222,0.333,0.1
"13657",518,"Región Caribe","North",0.25,0.222,0.333,0.1
"13667",519,"Región Caribe","North",0.25,0.222,0.333,0.1
"13670",520,"Región Caribe","North",0.25,0.222,0.333,0.1
"13673",521,"Región Caribe","North",0.25,0.222,0.333,0.1
"13683",522,"Región Caribe","North",0.25,0.222,0.333,0.1
"13688",523,"Región Caribe","North",0.25,0.222,0.333,0.1
"13744",524,"Región Caribe","North",0.25,0.222,0.333,0.1
"13760",525,"Región Caribe","North",0.25,0.222,0.333,0.1
"13780",526,"Región Caribe","North",0.25,0.222,0.333,0.1
"13810",527,"Región Caribe","North",0.25,0.222,0.333,0.1
"13836",528,"Región Caribe","North",0.25,0.222,0.333,0.1
"13838",529,"Región Caribe","North",0.25,0.222,0.333,0.1
"13873",530,"Región Caribe","North",0.25,0.222,0.333,0.1
"13894",531,"Región Caribe","North",0.25,0.222,0.333,0.1
"15001",637,"Región Centro Oriente","East",0.125,0,0.111,0.3
"15022",638,"Región Centro Oriente","East",0.125,0,0.111,0.3
"15047",639,"Región Centro Oriente","East",0.125,0,0.111,0.3
"15051",640,"Región Centro Oriente","East",0.125,0,0.111,0.3
"15087",641,"Región Centro Oriente","East",0.125,0,0.111,0.3
"15090",642,"Región Centro Oriente","East",0.125,0,0.111,0.3
"15092",643,"Región Centro Oriente","East",0.125,0,0.111,0.3
"15097",644,"Región Centro Oriente","East",0.125,0,0.111,0.3
"15104",645,"Región Centro Oriente","East",0.125,0,0.111,0.3
"15106",646,"Región Centro Oriente","East",0.125,0,0.111,0.3
"15109",647,"Región Centro Oriente","East",0.125,0,0.111,0.3
"15114",648,"Región Centro Oriente","East",0.125,0,0.111,0.3
"15131",649,"Región Centro Oriente","East",0.125,0,0.111,0.3
"15135",650,"Región Centro Oriente","East",0.125,0,0.111,0.3
"15162",651,"Región Centro Oriente","East",0.125,0,0.111,0.3
"15172",652,"Región Centro Oriente","East",0.125,0,0.111,0.3
"15176",653,"Región Centro Oriente","East",0.125,0,0.111,0.3
"15180",757,"Región Centro Oriente","East",0.125,0,0.111,0.3
"15183",654,"Región Centro Oriente","East",0.125,0,0.111,0.3
"15185",655,"Región Centro Oriente","East",0.125,0,0.111,0.3
"15187",656,"Región Centro Oriente","East",0.125,0,0.111,0.3
"15189",657,"Región Centro Oriente","East",0.125,0,0.111,0.3
"15204",658,"Región Centro Oriente","East",0.125,0,0.111,0.3
"15212",659,"Región Centro Oriente","East",0.125,0,0.111,0.3
"15215",660,"Región Centro Oriente","East",0.125,0,0.111,0.3
"15218",677,"Región Centro Oriente","East",0.125,0,0.111,0.3
"15223",758,"Región Centro Oriente","East",0.125,0,0.111,0.3
"15224",678,"Región Centro Oriente","East",0.125,0,0.111,0.3
"15226",679,"Región Centro Oriente","East",0.125,0,0.111,0.3
"15232",680,"Región Centro Oriente","East",0.125,0,0.111,0.3
"15236",681,"Región Centro Oriente","East",0.125,0,0.111,0.3
"15238",682,"Región Centro Oriente","East",0.125,0,0.111,0.3
"15244",683,"Región Centro Oriente","East",0.125,0,0.111,0.3
"15248",684,"Región Centro Oriente","East",0.125,0,0.111,0.3
"15272",685,"Región Centro Oriente","East",0.125,0,0.111,0.3
"15276",686,"Región Centro Oriente","East",0.125,0,0.111,0.3
"15293",687,"Región Centro Oriente","East",0.125,0,0.111,0.3
"15296",688,"Región Centro Oriente","East",0.125,0,0.111,0.3
"15299",689,"Región Centro Oriente","East",0.125,0,0.111,0.3
"15317",690,"Región Centro Oriente","East",0.125,0,0.111,0.3
"15322",691,"Región Centro Oriente","East",0.125,0,0.111,0.3
"15325",692,"Región Centro Oriente","East",0.125,0,0.111,0.3
"15332",759,"Región Centro Oriente","East",0.125,0,0.111,0.3
"15362",693,"Región Centro Oriente","East",0.125,0,0.111,0.3
"15367",694,"Región Centro Oriente","East",0.125,0,0.111,0.3
"15368",695,"Región Centro Oriente","East",0.125,0,0.111,0.3
"15377",661,"Región Centro Oriente","East",0.125,0,0.111,0.3
"15380",662,"Región Centro Oriente","East",0.125,0,0.111,0.3
"15401",663,"Región Centro Oriente","East",0.125,0,0.111,0.3
"15403",664,"Región Centro Oriente","East",0.125,0,0.111,0.3
"15407",696,"Región Centro Oriente","East",0.125,0,0.111,0.3
"15425",697,"Región Centro Oriente","East",0.125,0,0.111,0.3
"15442",698,"Región Centro Oriente","East",0.125,0,0.111,0.3
"15455",699,"Región Centro Oriente","East",0.125,0,0.111,0.3
"15464",700,"Región Centro Oriente","East",0.125,0,0.111,0.3
"15466",701,"Región Centro Oriente","East",0.125,0,0.111,0.3
"15469",702,"Región Centro Oriente","East",0.125,0,0.111,0.3
"15476",703,"Región Centro Oriente","East",0.125,0,0.111,0.3
"15480",704,"Región Centro Oriente","East",0.125,0,0.111,0.3
"15491",705,"Región Centro Oriente","East",0.125,0,0.111,0.3
"15494",706,"Región Centro Oriente","East",0.125,0,0.111,0.3
"15500",707,"Región Centro Oriente","East",0.125,0,0.111,0.3
"15507",708,"Región Centro Oriente","East",0.125,0,0.111,0.3
"15511",709,"Región Centro Oriente","East",0.125,0,0.111,0.3
"15514",710,"Región Centro Oriente","East",0.125,0,0.111,0.3
"15516",711,"Región Centro Oriente","East",0.125,0,0.111,0.3
"15518",712,"Región Centro Oriente","East",0.125,0,0.111,0.3
"15522",713,"Región Centro Oriente","East",0.125,0,0.111,0.3
"15531",714,"Región Centro Oriente","East",0.125,0,0.111,0.3
"15533",715,"Región Centro Oriente","East",0.125,0,0.111,0.3
"15537",716,"Región Centro Oriente","East",0.125,0,0.111,0.3
"15542",665,"Región Centro Oriente","East",0.125,0,0.111,0.3
"15550",666,"Región Centro Oriente","East",0.125,0,0.111,0.3
"15572",667,"Región Centro Oriente","East",0.125,0,0.111,0.3
"15580",668,"Región Centro Oriente","East",0.125,0,0.111,0.3
"15599",717,"Región Centro Oriente","East",0.125,0,0.111,0.3
"15600",718,"Región Centro Oriente","East",0.125,0,0.111,0.3
"15621",719,"Región Centro Oriente","East",0.125,0,0.111,0.3
"15632",720,"Región Centro Oriente","East",0.125,0,0.111,0.3
"15638",721,"Región Centro Oriente","East",0.125,0,0.111,0.3
"15646",722,"Región Centro Oriente","East",0.125,0,0.111,0.3
"15660",723,"Región Centro Oriente","East",0.125,0,0.111,0.3
"15664",724,"Región Centro Oriente","East",0.125,0,0.111,0.3
"15667",725,"Región Centro Oriente","East",0.125,0,0.111,0.3
"15673",726,"Región Centro Oriente","East",0.125,0,0.111,0.3
"15676",727,"Región Centro Oriente","East",0.125,0,0.111,0.3
"15681",728,"Región Centro Oriente","East",0.125,0,0.111,0.3
"15686",729,"Región Centro Oriente","East",0.125,0,0.111,0.3
"15690",730,"Región Centro Oriente","East",0.125,0,0.111,0.3
"15693",731,"Región Centro Oriente","East",0.125,0,0.111,0.3
"15696",732,"Región Centro Oriente","East",0.125,0,0.111,0.3
"15720",733,"Región Centro Oriente","East",0.125,0,0.111,0.3
"15723",734,"Región Centro Oriente","East",0.125,0,0.111,0.3
"15740",735,"Región Centro Oriente","East",0.125,0,0.111,0.3
"15753",736,"Región Centro Oriente","East",0.125,0,0.111,0.3
"15755",669,"Región Centro Oriente","East",0.125,0,0.111,0.3
"15757",670,"Región Centro Oriente","East",0.125,0,0.111,0.3
"15759",671,"Región Centro Oriente","East",0.125,0,0.111,0.3
"15761",672,"Región Centro Oriente","East",0.125,0,0.111,0.3
"15762",737,"Región Centro Oriente","East",0.125,0,0.111,0.3
"15763",738,"Región Centro Oriente","East",0.125,0,0.111,0.3
"15764",739,"Región Centro Oriente","East",0.125,0,0.111,0.3
"15774",740,"Región Centro Oriente","East",0.125,0,0.111,0.3
"15776",741,"Región Centro Oriente","East",0.125,0,0.111,0.3
"15778",742,"Región Centro Oriente","East",0.125,0,0.111,0.3
"15790",743,"Región Centro Oriente","East",0.125,0,0.111,0.3
"15798",744,"Región Centro Oriente","East",0.125,0,0.111,0.3
"15804",745,"Región Centro Oriente","East",0.125,0,0.111,0.3
"15806",746,"Región Centro Oriente","East",0.125,0,0.111,0.3
"15808",747,"Región Centro Oriente","East",0.125,0,0.111,0.3
"15810",748,"Región Centro Oriente","East",0.125,0,0.111,0.3
"15814",749,"Región Centro Oriente","East",0.125,0,0.111,0.3
"15816",750,"Región Centro Oriente","East",0.125,0,0.111,0.3
"15820",751,"Región Centro Oriente","East",0.125,0,0.111,0.3
"15822",752,"Región Centro Oriente","East",0.125,0,0.111,0.3
"15832",753,"Región Centro Oriente","East",0.125,0,0.111,0.3
"15835",754,"Región Centro Oriente","East",0.125,0,0.111,0.3
"15837",755,"Región Centro Oriente","East",0.125,0,0.111,0.3
"15839",756,"Región Centro Oriente","East",0.125,0,0.111,0.3
"15842",673,"Región Centro Oriente","East",0.125,0,0.111,0.3
"15861",674,"Región Centro Oriente","East",0.125,0,0.111,0.3
"15879",675,"Región Centro Oriente","East",0.125,0,0.111,0.3
"15897",676,"Región Centro Oriente","East",0.125,0,0.111,0.3
"17001",229,"Región Eje Cafetero - Antioquia","North",0.25,0.222,0.333,0.1
"17013",230,"Región Eje Cafetero - Antioquia","North",0.25,0.222,0.333,0.1
"17042",242,"Región Eje Cafetero - Antioquia","North",0.25,0.222,0.333,0.1
"17050",241,"Región Eje Cafetero - Antioquia","North",0.25,0.222,0.333,0.1
"17088",240,"Región Eje Cafetero - Antioquia","North",0.25,0.222,0.333,0.1
"17174",239,"Región Eje Cafetero - Antioquia","North",0.25,0.222,0.333,0.1
"17272",238,"Región Eje Cafetero - Antioquia","North",0.25,0.222,0.333,0.1
"17380",237,"Región Eje Cafetero - Antioquia","North",0.25,0.222,0.333,0.1
"17388",236,"Región Eje Cafetero - Antioquia","North",0.25,0.222,0.333,0.1
"17433",235,"Región Eje Cafetero - Antioquia","North",0.25,0.222,0.333,0.1
"17442",234,"Región Eje Cafetero - Antioquia","North",0.25,0.222,0.333,0.1
"17444",233,"Región Eje Cafetero - Antioquia","North",0.25,0.222,0.333,0.1
"17446",232,"Región Eje Cafetero - Antioquia","North",0.25,0.222,0.333,0.1
"17486",231,"Región Eje Cafetero - Antioquia","North",0.25,0.222,0.333,0.1
"17495",243,"Región Eje Cafetero - Antioquia","North",0.25,0.222,0.333,0.1
"17513",254,"Región Eje Cafetero - Antioquia","North",0.25,0.222,0.333,0.1
"17524",253,"Región Eje Cafetero - Antioquia","North",0.25,0.222,0.333,0.1
"17541",252,"Región Eje Cafetero - Antioquia","North",0.25,0.222,0.333,0.1
"17614",255,"Región Eje Cafetero - Antioquia","North",0.25,0.222,0.333,0.1
"17616",251,"Región Eje Cafetero - Antioquia","North",0.25,0.222,0.333,0.1
"17653",250,"Región Eje Cafetero - Antioquia","North",0.25,0.222,0.333,0.1
"17662",249,"Región Eje Cafetero - Antioquia","North",0.25,0.222,0.333,0.1
"17665",248,"Región Eje Cafetero - Antioquia","North",0.25,0.222,0.333,0.1
"17777",247,"Región Eje Cafetero - Antioquia","North",0.25,0.222,0.333,0.1
"17867",246,"Región Eje Cafetero - Antioquia","North",0.25,0.222,0.333,0.1
"17873",245,"Región Eje Cafetero - Antioquia","North",0.25,0.222,0.333,0.1
"17877",244,"Región Eje Cafetero - Antioquia","North",0.25,0.222,0.333,0.1
"18001",0,"Región Centro Sur","South",0.25,0,0,0.5
"18029",1,"Región Centro Sur","South",0.25,0,0,0.5
"18094",2,"Región Centro Sur","South",0.25,0,0,0.5
"18150",10,"Región Centro Sur","South",0.25,0,0,0.5
"18205",14,"Región Centro Sur","South",0.25,0,0,0.5
"18247",3,"Región Centro Sur","South",0.25,0,0,0.5
"18256",4,"Región Centro Sur","South",0.25,0,0,0.5
"18410",5,"Región Centro Sur","South",0.25,0,0,0.5
"18460",6,"Región Centro Sur","South",0.25,0,0,0.5
"18479",7,"Región Centro Sur","South",0.25,0,0,0.5
"18592",15,"Región Centro Sur","South",0.25,0,0,0.5
"18610",8,"Región Centro Sur","South",0.25,0,0,0.5
"18753",11,"Región Centro Sur","South",0.25,0,0,0.5
"18756",12,"Región Centro Sur","South",0.25,0,0,0.5
"18785",13,"Región Centro Sur","South",0.25,0,0,0.5
"18860",9,"Región Centro Sur","South",0.25,0,0,0.5
"19001",16,"Región Pacífico","West",0.125,0,0.111,0.3
"19022",17,"Región Pacífico","West",0.125,0,0.111,0.3
"19050",18,"Región Pacífico","West",0.125,0,0.111,0.3
"19075",19,"Región Pacífico","West",0.125,0,0.111,0.3
"19100",20,"Región Pacífico","West",0.125,0,0.111,0.3
"19110",21,"Región Pacífico","West",0.125,0,0.111,0.3
"19130",22,"Región Pacífico","West",0.125,0,0.111,0.3
"19137",23,"Región Pacífico","West",0.125,0,0.111,0.3
"19142",24,"Región Pacífico","West",0.125,0,0.111,0.3
"19212",25,"Región Pacífico","West",0.125,0,0.111,0.3
"19256",53,"Región Pacífico","West",0.125,0,0.111,0.3
"19290",26,"Región Pacífico","West",0.125,0,0.111,0.3
"19300",27,"Región Pacífico","West",0.125,0,0.111,0.3
"19318",54,"Región Pacífico","West",0.125,0,0.111,0.3
"19355",28,"Región Pacífico","West",0.125,0,0.111,0.3
"19364",29,"Región Pacífico","West",0.125,0,0.111,0.3
"19392",30,"Región Pacífico","West",0.125,0,0.111,0.3
"19397",31,"Región Pacífico","West",0.125,0,0.111,0.3
"19418",55,"Región Pacífico","West",0.125,0,0.111,0.3
"19450",32,"Región Pacífico","West",0.125,0,0.111,0.3
"19455",33,"Región Pacífico","West",0.125,0,0.111,0.3
"19473",34,"Región Pacífico","West",0.125,0,0.111,0.3
"19513",35,"Región Pacífico","West",0.125,0,0.111,0.3
"19517",36,"Región Pacífico","West",0.125,0,0.111,0.3
"19532",37,"Región Pacífico","West",0.125,0,0.111,0.3
"19533",38,"Región Pacífico","West",0.125,0,0.111,0.3
"19548",39,"Región Pacífico","West",0.125,0,0.111,0.3
"19573",40,"Región Pacífico","West",0.125,0,0.111,0.3
"19585",41,"Región Pacífico","West",0.125,0,0.111,0.3
"19622",42,"Región Pacífico","West",0.125,0,0.111,0.3
"19693",43,"Región Pacífico","West",0.125,0,0.111,0.3
"19698",44,"Región Pacífico","West",0.125,0,0.111,0.3
"19701",45,"Región Pacífico","West",0.125,0,0.111,0.3
"19743",46,"Región Pacífico","West",0.125,0,0.111,0.3
"19760",47,"Región Pacífico","West",0.125,0,0.111,0.3
"19780",48,"Región Pacífico","West",0.125,0,0.111,0.3
"19785",49,"Región Pacífico","West",0.125,0,0.111,0.3
"19807",50,"Región Pacífico","West",0.125,0,0.111,0.3
"19809",56,"Región Pacífico","West",0.125,0,0.111,0.3
"19821",51,"Región Pacífico","West",0.125,0,0.111,0.3
"19824",52,"Región Pacífico","West",0.125,0,0.111,0.3
"19845",57,"Región Pacífico","West",0.125,0,0.111,0.3
"20001",550,"Región Caribe","North",0.25,0.222,0.333,0.1
"20011",556,"Región Caribe","North",0.25,0.222,0.333,0.1
"20013",551,"Región Caribe","North",0.25,0.222,0.333,0.1
"20032",532,"Región Caribe","North",0.25,0.222,0.333,0.1
"20045",552,"Región Caribe","North",0.25,0.222,0.333,0.1
"20060",533,"Región Caribe","North",0.25,0.222,0.333,0.1
"20175",534,"Región Caribe","North",0.25,0.222,0.333,0.1
"20178",535,"Región Caribe","North",0.25,0.222,0.333,0.1
"20228",536,"Región Caribe","North",0.25,0.222,0.333,0.1
"20238",537,"Región Caribe","North",0.25,0.222,0.333,0.1
"20250",538,"Región Caribe","North",0.25,0.222,0.333,0.1
"20295",539,"Región Caribe","North",0.25,0.222,0.333,0.1
"20310",540,"Región Caribe","North",0.25,0.222,0.333,0.1
"20383",541,"Región Caribe","North",0.25,0.222,0.333,0.1
"20400",542,"Región Caribe","North",0.25,0.222,0.333,0.1
"20443",543,"Región Caribe","North",0.25,0.222,0.333,0.1
"20517",544,"Región Caribe","North",0.25,0.222,0.333,0.1
"20550",545,"Región Caribe","North",0.25,0.222,0.333,0.1
"20570",554,"Región Caribe","North",0.25,0.222,0.333,0.1
"20614",546,"Región Caribe","North",0.25,0.222,0.333,0.1
"20621",553,"Región Caribe","North",0.25,0.222,0.333,0.1
"20710",547,"Región Caribe","North",0.25,0.222,0.333,0.1
"20750",548,"Región Caribe","North",0.25,0.222,0.333,0.1
"20770",555,"Región Caribe","North",0.25,0.222,0.333,0.1
"20787",549,"Región Caribe","North",0.25,0.222,0.333,0.1
"23001",436,"Región Caribe","North",0.25,0.222,0.333,0.1
"23068",437,"Región Caribe","North",0.25,0.222,0.333,0.1
"23079",438,"Región Caribe","North",0.25,0.222,0.333,0.1
"23090",439,"Región Caribe","North",0.25,0.222,0.333,0.1
"23162",440,"Región Caribe","North",0.25,0.222,0.333,0.1
"23168",441,"Región Caribe","North",0.25,0.222,0.333,0.1
"23182",442,"Región Caribe","North",0.25,0.222,0.333,0.1
"23189",443,"Región Caribe","North",0.25,0.222,0.333,0.1
"23300",444,"Región Caribe","North",0.25,0.222,0.333,0.1
"23350",445,"Región Caribe","North",0.25,0.222,0.333,0.1
"23417",446,"Región Caribe","North",0.25,0.222,0.333,0.1
"23419",447,"Región Caribe","North",0.25,0.222,0.333,0.1
"23464",448,"Región Caribe","North",0.25,0.222,0.333,0.1
"23466",463,"Región Caribe","North",0.25,0.222,0.333,0.1
"23500",449,"Región Caribe","North",0.25,0.222,0.333,0.1
"23555",450,"Región Caribe","North",0.25,0.222,0.333,0.1
"23570",451,"Región Caribe","North",0.25,0.222,0.333,0.1
"23574",452,"Región Caribe","North",0.25,0.222,0.333,0.1
"23580",464,"Región Caribe","North",0.25,0.222,0.333,0.1
"23586",453,"Región Caribe","North",0.25,0.222,0.333,0.1
"23660",454,"Región Caribe","North",0.25,0.222,0.333,0.1
"23670",455,"Región Caribe","North",0.25,0.222,0.333,0.1
"23672",456,"Región Caribe","North",0.25,0.222,0.333,0.1
"23675",457,"Región Caribe","North",0.25,0.222,0.333,0.1
"23678",458,"Región Caribe","North",0.25,0.222,0.333,0.1
"23682",459,"Región Caribe","North",0.25,0.222,0.333,0.1
"23686",460,"Región Caribe","North",0.25,0.222,0.333,0.1
"23807",465,"Región Caribe","North",0.25,0.222,0.333,0.1
"23815",461,"Región Caribe","North",0.25,0.222,0.333,0.1
"23855",462,"Región Caribe","North",0.25,0.222,0.333,0.1
"25001",867,"Región Centro Oriente","East",0.125,0,0.111,0.3
"25019",760,"Región Centro Oriente","East",0.125,0,0.111,0.3
"25035",761,"Región Centro Oriente","East",0.125,0,0.111,0.3
"25040",762,"Región Centro Oriente","East",0.125,0,0.111,0.3
"25053",763,"Región Centro Oriente","East",0.125,0,0.111,0.3
"25086",764,"Región Centro Oriente","East",0.125,0,0.111,0.3
"25095",765,"Región Centro Oriente","East",0.125,0,0.111,0.3
"25099",766,"Región Centro Oriente","East",0.125,0,0.111,0.3
"25120",767,"Región Centro Oriente","East",0.125,0,0.111,0.3
"25123",768,"Región Centro Oriente","East",0.125,0,0.111,0.3
"25126",769,"Región Centro Oriente","East",0.125,0,0.111,0.3
"25148",770,"Región Centro Oriente","East",0.125,0,0.111,0.3
"25151",771,"Región Centro Oriente","East",0.125,0,0.111,0.3
"25154",772,"Región Centro Oriente","East",0.125,0,0.111,0.3
"25168",773,"Región Centro Oriente","East",0.125,0,0.111,0.3
"25175",1113,"Región Centro Oriente","East",0.125,0,0.111,0.3
"25178",774,"Región Centro Oriente","East",0.125,0,0.111,0.3
"25181",775,"Región Centro Oriente","East",0.125,0,0.111,0.3
"25183",776,"Región Centro Oriente","East",0.125,0,0.111,0.3
"25200",777,"Región Centro Oriente","East",0.125,0,0.111,0.3
"25214",778,"Región Centro Oriente","East",0.125,0,0.111,0.3
"25224",779,"Región Centro Oriente","East",0.125,0,0.111,0.3
"25245",780,"Región Centro Oriente","East",0.125,0,0.111,0.3
"25258",781,"Región Centro Oriente","East",0.125,0,0.111,0.3
"25260",1114,"Región Centro Oriente","East",0.125,0,0.111,0.3
"25269",782,"Región Centro Oriente","East",0.125,0,0.111,0.3
"25279",783,"Región Centro Oriente","East",0.125,0,0.111,0.3
"25281",784,"Región Centro Oriente","East",0.125,0,0.111,0.3
"25286",785,"Región Centro Oriente","East",0.125,0,0.111,0.3
"25288",786,"Región Centro Oriente","East",0.125,0,0.111,0.3
"25290",1117,"Región Centro Oriente","East",0.125,0,0.111,0.3
"25293",787,"Región Centro Oriente","East",0.125,0,0.111,0.3
"25295",788,"Región Centro Oriente","East",0.125,0,0.111,0.3
"25297",789,"Región Centro Oriente","East",0.125,0,0.111,0.3
"25299",790,"Región Centro Oriente","East",0.125,0,0.111,0.3
"25307",1111,"Región Centro Oriente","East",0.125,0,0.111,0.3
"25312",791,"Región Centro Oriente","East",0.125,0,0.111,0.3
"25317",792,"Región Centro Oriente","East",0.125,0,0.111,0.3
"25320",793,"Región Centro Oriente","East",0.125,0,0.111,0.3
"25322",794,"Región Centro Oriente","East",0.125,0,0.111,0.3
"25324",795,"Región Centro Oriente","East",0.125,0,0.111,0.3
"25326",796,"Región Centro Oriente","East",0.125,0,0.111,0.3
"25328",797,"Región Centro Oriente","East",0.125,0,0.111,0.3
"25335",798,"Región Centro Oriente","East",0.125,0,0.111,0.3
"25339",799,"Región Centro Oriente","East",0.125,0,0.111,0.3
"25368",800,"Región Centro Oriente","East",0.125,0,0.111,0.3
"25372",801,"Región Centro Oriente","East",0.125,0,0.111,0.3
"25377",802,"Región Centro Oriente","East",0.125,0,0.111,0.3
"25386",803,"Región Centro Oriente","East",0.125,0,0.111,0.3
"25394",804,"Región Centro Oriente","East",0.125,0,0.111,0.3
"25398",805,"Región Centro Oriente","East",0.125,0,0.111,0.3
"25402",806,"Región Centro Oriente","East",0.125,0,0.111,0.3
"25407",807,"Región Centro Oriente","East",0.125,0,0.111,0.3
"25426",808,"Región Centro Oriente","East",0.125,0,0.111,0.3
"25430",809,"Región Centro Oriente","East",0.125,0,0.111,0.3
"25436",810,"Región Centro Oriente","East",0.125,0,0.111,0.3
"25438",811,"Región Centro Oriente","East",0.125,0,0.111,0.3
"25473",1115,"Región Centro Oriente","East",0.125,0,0.111,0.3
"25483",812,"Región Centro Oriente","East",0.125,0,0.111,0.3
"25486",813,"Región Centro Oriente","East",0.125,0,0.111,0.3
"25488",814,"Región Centro Oriente","East",0.125,0,0.111,0.3
"25489",815,"Región Centro Oriente","East",0.125,0,0.111,0.3
"25491",816,"Región Centro Oriente","East",0.125,0,0.111,0.3
"25506",817,"Región Centro Oriente","East",0.125,0,0.111,0.3
"25513",818,"Región Centro Oriente","East",0.125,0,0.111,0.3
"25518",819,"Región Centro Oriente","East",0.125,0,0.111,0.3
"25524",820,"Región Centro Oriente","East",0.125,0,0.111,0.3
"25530",821,"Región Centro Oriente","East",0.125,0,0.111,0.3
"25535",822,"Región Centro Oriente","East",0.125,0,0.111,0.3
"25572",823,"Región Centro Oriente","East",0.125,0,0.111,0.3
"25580",824,"Región Centro Oriente","East",0.125,0,0.111,0.3
"25592",825,"Región Centro Oriente","East",0.125,0,0.111,0.3
"25594",826,"Región Centro Oriente","East",0.125,0,0.111,0.3
"25596",827,"Región Centro Oriente","East",0.125,0,0.111,0.3
"25599",828,"Región Centro Oriente","East",0.125,0,0.111,0.3
"25612",829,"Región Centro Oriente","East",0.125,0,0.111,0.3
"25645",830,"Región Centro Oriente","East",0.125,0,0.111,0.3
"25649",831,"Región Centro Oriente","East",0.125,0,0.111,0.3
"25653",832,"Región Centro Oriente","East",0.125,0,0.111,0.3
"25658",833,"Región Centro Oriente","East",0.125,0,0.111,0.3
"25662",1118,"Región Centro Oriente","East",0.125,0,0.111,0.3
"25718",834,"Región Centro Oriente","East",0.125,0,0.111,0.3
"25736",835,"Región Centro Oriente","East",0.125,0,0.111,0.3
"25740",1116,"Región Centro Oriente","East",0.125,0,0.111,0.3
"25743",836,"Región Centro Oriente","East",0.125,0,0.111,0.3
"25745",837,"Región Centro Oriente","East",0.125,0,0.111,0.3
"25754",1112,"Región Centro Oriente","East",0.125,0,0.111,0.3
"25758",838,"Región Centro Oriente","East",0.125,0,0.111,0.3
"25769",839,"Región Centro Oriente","East",0.125,0,0.111,0.3
"25772",840,"Región Centro Oriente","East",0.125,0,0.111,0.3
"25777",841,"Región Centro Oriente","East",0.125,0,0.111,0.3
"25779",842,"Región Centro Oriente","East",0.125,0,0.111,0.3
"25781",843,"Región Centro Oriente","East",0.125,0,0.111,0.3
"25785",844,"Región Centro Oriente","East",0.125,0,0.111,0.3
"25793",845,"Región Centro Oriente","East",0.125,0,0.111,0.3
"25797",846,"Región Centro Oriente","East",0.125,0,0.111,0.3
"25799",847,"Región Centro Oriente","East",0.125,0,0.111,0.3
"25805",848,"Región Centro Oriente","East",0.125,0,0.111,0.3
"25807",849,"Región Centro Oriente","East",0.125,0,0.111,0.3
"25815",850,"Región Centro Oriente","East",0.125,0,0.111,0.3
"25817",851,"Región Centro Oriente","East",0.125,0,0.111,0.3
"25823",852,"Región Centro Oriente","East",0.125,0,0.111,0.3
"25839",853,"Región Centro Oriente","East",0.125,0,0.111,0.3
"25841",854,"Región Centro Oriente","East",0.125,0,0.111,0.3
"25843",855,"Región Centro Oriente","East",0.125,0,0.111,0.3
"25845",856,"Región Centro Oriente","East",0.125,0,0.111,0.3
"25851",857,"Región Centro Oriente","East",0.125,0,0.111,0.3
"25862",858,"Región Centro Oriente","East",0.125,0,0.111,0.3
"25867",859,"Región Centro Oriente","East",0.125,0,0.111,0.3
"25871",860,"Región Centro Oriente","East",0.125,0,0.111,0.3
"25873",861,"Región Centro Oriente","East",0.125,0,0.111,0.3
"25875",862,"Región Centro Oriente","East",0.125,0,0.111,0.3
"25878",863,"Región Centro Oriente","East",0.125,0,0.111,0.3
"25885",864,"Región Centro Oriente","East",0.125,0,0.111,0.3
"25898",865,"Región Centro Oriente","East",0.125,0,0.111,0.3
"25899",866,"Región Centro Oriente","East",0.125,0,0.111,0.3
"27001",406,"Región Pacífico","West",0.125,0,0.111,0.3
"27006",407,"Región Pacífico","West",0.125,0,0.111,0.3
"27025",408,"Región Pacífico","West",0.125,0,0.111,0.3
"27050",409,"Región Pacífico","West",0.125,0,0.111,0.3
"27073",410,"Región Pacífico","West",0.125,0,0.111,0.3
"27075",411,"Región Pacífico","West",0.125,0,0.111,0.3
"27077",412,"Región Pacífico","West",0.125,0,0.111,0.3
"27099",413,"Región Pacífico","West",0.125,0,0.111,0.3
"27135",414,"Región Pacífico","West",0.125,0,0.111,0.3
"27150",415,"Región Pacífico","West",0.125,0,0.111,0.3
"27160",416,"Región Pacífico","West",0.125,0,0.111,0.3
"27205",417,"Región Pacífico","West",0.125,0,0.111,0.3
"27245",418,"Región Pacífico","West",0.125,0,0.111,0.3
"27250",419,"Región Pacífico","West",0.125,0,0.111,0.3
"27361",420,"Región Pacífico","West",0.125,0,0.111,0.3
"27372",421,"Región Pacífico","West",0.125,0,0.111,0.3
"27413",422,"Región Pacífico","West",0.125,0,0.111,0.3
"27425",423,"Región Pacífico","West",0.125,0,0.111,0.3
"27430",424,"Región Pacífico","West",0.125,0,0.111,0.3
"27450",425,"Región Pacífico","West",0.125,0,0.111,0.3
"27491",426,"Región Pacífico","West",0.125,0,0.111,0.3
"27495",427,"Región Pacífico","West",0.125,0,0.111,0.3
"27580",428,"Región Pacífico","West",0.125,0,0.111,0.3
"27600",429,"Región Pacífico","West",0.125,0,0.111,0.3
"27615",405,"Región Pacífico","West",0.125,0,0.111,0.3
"27660",430,"Región Pacífico","West",0.125,0,0.111,0.3
"27745",431,"Región Pacífico","West",0.125,0,0.111,0.3
"27787",432,"Región Pacífico","West",0.125,0,0.111,0.3
"27800",433,"Región Pacífico","West",0.125,0,0.111,0.3
"27810",434,"Región Pacífico","West",0.125,0,0.111,0.3
"41001",938,"Región Centro Sur","South",0.25,0,0,0.5
"41006",974,"Región Centro Sur","South",0.25,0,0,0.5
"41013",973,"Región Centro Sur","South",0.25,0,0,0.5
"41016",972,"Región Centro Sur","South",0.25,0,0,0.5
"41020",971,"Región Centro Sur","South",0.25,0,0,0.5
"41026",970,"Región Centro Sur","South",0.25,0,0,0.5
"41078",969,"Región Centro Sur","South",0.25,0,0,0.5
"41132",968,"Región Centro Sur","South",0.25,0,0,0.5
"41206",967,"Región Centro Sur","South",0.25,0,0,0.5
"41244",966,"Región Centro Sur","South",0.25,0,0,0.5
"41298",965,"Región Centro Sur","South",0.25,0,0,0.5
"41306",939,"Región Centro Sur","South",0.25,0,0,0.5
"41319",940,"Región Centro Sur","South",0.25,0,0,0.5
"41349",941,"Región Centro Sur","South",0.25,0,0,0.5
"41357",942,"Región Centro Sur","South",0.25,0,0,0.5
"41359",943,"Región Centro Sur","South",0.25,0,0,0.5
"41378",944,"Región Centro Sur","South",0.25,0,0,0.5
"41396",945,"Región Centro Sur","South",0.25,0,0,0.5
"41483",946,"Región Centro Sur","South",0.25,0,0,0.5
"41503",947,"Región Centro Sur","South",0.25,0,0,0.5
"41518",948,"Región Centro Sur","South",0.25,0,0,0.5
"41524",949,"Región Centro Sur","South",0.25,0,0,0.5
"41530",950,"Región Centro Sur","South",0.25,0,0,0.5
"41548",951,"Región Centro Sur","South",0.25,0,0,0.5
"41551",952,"Región Centro Sur","South",0.25,0,0,0.5
"41615",953,"Región Centro Sur","South",0.25,0,0,0.5
"41660",954,"Región Centro Sur","South",0.25,0,0,0.5
"41668",955,"Región Centro Sur","South",0.25,0,0,0.5
"41676",956,"Región Centro Sur","South",0.25,0,0,0.5
"41770",957,"Región Centro Sur","South",0.25,0,0,0.5
"41791",958,"Región Centro Sur","South",0.25,0,0,0.5
"41797",959,"Región Centro Sur","South",0.25,0,0,0.5
"41799",960,"Región Centro Sur","South",0.25,0,0,0.5
"41801",961,"Región Centro Sur","South",0.25,0,0,0.5
"41807",962,"Región Centro Sur","South",0.25,0,0,0.5
"41872",963,"Región Centro Sur","South",0.25,0,0,0.5
"41885",964,"Región Centro Sur","South",0.25,0,0,0.5
"44001",565,"Región Caribe","North",0.25,0.222,0.333,0.1
"44035",566,"Región Caribe","North",0.25,0.222,0.333,0.1
"44078",557,"Región Caribe","North",0.25,0.222,0.333,0.1
"44090",567,"Región Caribe","North",0.25,0.222,0.333,0.1
"44098",558,"Región Caribe","North",0.25,0.222,0.333,0.1
"44110",559,"Región Caribe","North",0.25,0.222,0.333,0.1
"44279",560,"Región Caribe","North",0.25,0.222,0.333,0.1
"44378",561,"Región Caribe","North",0.25,0.222,0.333,0.1
"44420",562,"Región Caribe","North",0.25,0.222,0.333,0.1
"44430",570,"Región Caribe","North",0.25,0.222,0.333,0.1
"44560",571,"Región Caribe","North",0.25,0.222,0.333,0.1
"44650",568,"Región Caribe","North",0.25,0.222,0.333,0.1
"44847",569,"Región Caribe","North",0.25,0.222,0.333,0.1
"44855",563,"Región Caribe","North",0.25,0.222,0.333,0.1
"44874",564,"Región Caribe","North",0.25,0.222,0.333,0.1
"47001",600,"Región Caribe","North",0.25,0.222,0.333,0.1
"47030",573,"Región Caribe","North",0.25,0.222,0.333,0.1
"47053",597,"Región Caribe","North",0.25,0.222,0.333,0.1
"47058",574,"Región Caribe","North",0.25,0.222,0.333,0.1
"47161",575,"Región Caribe","North",0.25,0.222,0.333,0.1
"47170",576,"Región Caribe","North",0.25,0.222,0.333,0.1
"47189",598,"Región Caribe","North",0.25,0.222,0.333,0.1
"47205",577,"Región Caribe","North",0.25,0.222,0.333,0.1
"47245",601,"Región Caribe","North",0.25,0.222,0.333,0.1
"47258",578,"Región Caribe","North",0.25,0.222,0.333,0.1
"47268",579,"Región Caribe","North",0.25,0.222,0.333,0.1
"47288",599,"Región Caribe","North",0.25,0.222,0.333,0.1
"47318",580,"Región Caribe","North",0.25,0.222,0.333,0.1
"47460",581,"Región Caribe","North",0.25,0.222,0.333,0.1
"47541",572,"Región Caribe","North",0.25,0.222,0.333,0.1
"47545",582,"Región Caribe","North",0.25,0.222,0.333,0.1
"47551",583,"Región Caribe","North",0.25,0.222,0.333,0.1
"47555",584,"Región Caribe","North",0.25,0.222,0.333,0.1
"47570",585,"Región Caribe","North",0.25,0.222,0.333,0.1
"47605",586,"Región Caribe","North",0.25,0.222,0.333,0.1
"47660",587,"Región Caribe","North",0.25,0.222,0.333,0.1
"47675",588,"Región Caribe","North",0.25,0.222,0.333,0.1
"47692",589,"Región Caribe","North",0.25,0.222,0.333,0.1
"47703",590,"Región Caribe","North",0.25,0.222,0.333,0.1
"47707",591,"Región Caribe","North",0.25,0.222,0.333,0.1
"47720",592,"Región Caribe","North",0.25,0.222,0.333,0.1
"47745",593,"Región Caribe","North",0.25,0.222,0.333,0.1
"47798",594,"Región Caribe","North",0.25,0.222,0.333,0.1
"47960",595,"Región Caribe","North",0.25,0.222,0.333,0.1
"47980",596,"Región Caribe","North",0.25,0.222,0.333,0.1
"50001",909,"Región Llano","East",0.125,0,0.111,0.3
"50006",910,"Región Llano","East",0.125,0,0.111,0.3
"50110",911,"Región Llano","East",0.125,0,0.111,0.3
"50124",912,"Región Llano","East",0.125,0,0.111,0.3
"50150",913,"Región Llano","East",0.125,0,0.111,0.3
"50223",914,"Región Llano","East",0.125,0,0.111,0.3
"50226",915,"Región Llano","East",0.125,0,0.111,0.3
"50245",916,"Región Llano","East",0.125,0,0.111,0.3
"50251",917,"Región Llano","East",0.125,0,0.111,0.3
"50270",918,"Región Llano","East",0.125,0,0.111,0.3
"50287",919,"Región Llano","East",0.125,0,0.111,0.3
"50313",920,"Región Llano","East",0.125,0,0.111,0.3
"50318",921,"Región Llano","East",0.125,0,0.111,0.3
"50325",936,"Región Llano","East",0.125,0,0.111,0.3
"50330",922,"Región Llano","East",0.125,0,0.111,0.3
"50350",935,"Región Llano","East",0.125,0,0.111,0.3
"50370",923,"Región Llano","East",0.125,0,0.111,0.3
"50400",924,"Región Llano","East",0.125,0,0.111,0.3
"50450",925,"Región Llano","East",0.125,0,0.111,0.3
"50568",937,"Región Llano","East",0.125,0,0.111,0.3
"50573",926,"Región Llano","East",0.125,0,0.111,0.3
"50577",927,"Región Llano","East",0.125,0,0.111,0.3
"50590",928,"Región Llano","East",0.125,0,0.111,0.3
"50606",929,"Región Llano","East",0.125,0,0.111,0.3
"50680",930,"Región Llano","East",0.125,0,0.111,0.3
"50683",931,"Región Llano","East",0.125,0,0.111,0.3
"50686",932,"Región Llano","East",0.125,0,0.111,0.3
"50689",933,"Región Llano","East",0.125,0,0.111,0.3
"50711",934,"Región Llano","East",0.125,0,0.111,0.3
"52001",127,"Región Pacífico","West",0.125,0,0.111,0.3
"52019",128,"Región Pacífico","West",0.125,0,0.111,0.3
"52022",129,"Región Pacífico","West",0.125,0,0.111,0.3
"52036",131,"Región Pacífico","West",0.125,0,0.111,0.3
"52051",132,"Región Pacífico","West",0.125,0,0.111,0.3
"52079",167,"Región Pacífico","West",0.125,0,0.111,0.3
"52083",133,"Región Pacífico","West",0.125,0,0.111,0.3
"52110",134,"Región Pacífico","West",0.125,0,0.111,0.3
"52203",135,"Región Pacífico","West",0.125,0,0.111,0.3
"52207",124,"Región Pacífico","West",0.125,0,0.111,0.3
"52210",125,"Región Pacífico","West",0.125,0,0.111,0.3
"52215",126,"Región Pacífico","West",0.125,0,0.111,0.3
"52224",130,"Región Pacífico","West",0.125,0,0.111,0.3
"52227",160,"Región Pacífico","West",0.125,0,0.111,0.3
"52233",161,"Región Pacífico","West",0.125,0,0.111,0.3
"52240",141,"Región Pacífico","West",0.125,0,0.111,0.3
"52250",168,"Región Pacífico","West",0.125,0,0.111,0.3
"52254",142,"Región Pacífico","West",0.125,0,0.111,0.3
"52256",162,"Región Pacífico","West",0.125,0,0.111,0.3
"52258",143,"Región Pacífico","West",0.125,0,0.111,0.3
"52260",150,"Región Pacífico","West",0.125,0,0.111,0.3
"52287",151,"Región Pacífico","West",0.125,0,0.111,0.3
"52317",152,"Región Pacífico","West",0.125,0,0.111,0.3
"52320",154,"Región Pacífico","West",0.125,0,0.111,0.3
"52323",156,"Región Pacífico","West",0.125,0,0.111,0.3
"52352",157,"Región Pacífico","West",0.125,0,0.111,0.3
"52354",158,"Región Pacífico","West",0.125,0,0.111,0.3
"52356",159,"Región Pacífico","West",0.125,0,0.111,0.3
"52378",148,"Región Pacífico","West",0.125,0,0.111,0.3
"52381",149,"Región Pacífico","West",0.125,0,0.111,0.3
"52385",163,"Región Pacífico","West",0.125,0,0.111,0.3
"52390",169,"Región Pacífico","West",0.125,0,0.111,0.3
"52399",153,"Región Pacífico","West",0.125,0,0.111,0.3
"52405",155,"Región Pacífico","West",0.125,0,0.111,0.3
"52411",145,"Región Pacífico","West",0.125,0,0.111,0.3
"52418",164,"Región Pacífico","West",0.125,0,0.111,0.3
"52427",170,"Región Pacífico","West",0.125,0,0.111,0.3
"52435",147,"Región Pacífico","West",0.125,0,0.111,0.3
"52473",171,"Región Pacífico","West",0.125,0,0.111,0.3
"52480",136,"Región Pacífico","West",0.125,0,0.111,0.3
"52490",172,"Región Pacífico","West",0.125,0,0.111,0.3
"52506",137,"Región Pacífico","West",0.125,0,0.111,0.3
"52520",173,"Región Pacífico","West",0.125,0,0.111,0.3
"52540",165,"Región Pacífico","West",0.125,0,0.111,0.3
"52560",116,"Región Pacífico","West",0.125,0,0.111,0.3
"52565",118,"Región Pacífico","West",0.125,0,0.111,0.3
"52573",120,"Región Pacífico","West",0.125,0,0.111,0.3
"52585",122,"Región Pacífico","West",0.125,0,0.111,0.3
"52612",166,"Región Pacífico","West",0.125,0,0.111,0.3
"52621",174,"Región Pacífico","West",0.125,0,0.111,0.3
"52678",123,"Región Pacífico","West",0.125,0,0.111,0.3
"52683",113,"Región Pacífico","West",0.125,0,0.111,0.3
"52685",114,"Región Pacífico","West",0.125,0,0.111,0.3
"52687",115,"Región Pacífico","West",0.125,0,0.111,0.3
"52693",117,"Región Pacífico","West",0.125,0,0.111,0.3
"52694",119,"Región Pacífico","West",0.125,0,0.111,0.3
"52696",175,"Región Pacífico","West",0.125,0,0.111,0.3
"52699",121,"Región Pacífico","West",0.125,0,0.111,0.3
"52720",138,"Región Pacífico","West",0.125,0,0.111,0.3
"52786",139,"Región Pacífico","West",0.125,0,0.111,0.3
"52788",140,"Región Pacífico","West",0.125,0,0.111,0.3
"52835",435,"Región Pacífico","West",0.125,0,0.111,0.3
"52838",144,"Región Pacífico","West",0.125,0,0.111,0.3
"52885",146,"Región Pacífico","West",0.125,0,0.111,0.3
"54001",868,"Región Centro Oriente","East",0.125,0,0.111,0.3
"54003",869,"Región Centro Oriente","East",0.125,0,0.111,0.3
"54051",870,"Región Centro Oriente","East",0.125,0,0.111,0.3
"54099",871,"Región Centro Oriente","East",0.125,0,0.111,0.3
"54109",872,"Región Centro Oriente","East",0.125,0,0.111,0.3
"54125",873,"Región Centro Oriente","East",0.125,0,0.111,0.3
"54128",874,"Región Centro Oriente","East",0.125,0,0.111,0.3
"54172",875,"Región Centro Oriente","East",0.125,0,0.111,0.3
"54174",901,"Región Centro Oriente","East",0.125,0,0.111,0.3
"54206",902,"Región Centro Oriente","East",0.125,0,0.111,0.3
"54223",876,"Región Centro Oriente","East",0.125,0,0.111,0.3
"54239",877,"Región Centro Oriente","East",0.125,0,0.111,0.3
"54245",903,"Región Centro Oriente","East",0.125,0,0.111,0.3
"54250",907,"Región Centro Oriente","East",0.125,0,0.111,0.3
"54261",878,"Región Centro Oriente","East",0.125,0,0.111,0.3
"54313",879,"Región Centro Oriente","East",0.125,0,0.111,0.3
"54344",880,"Región Centro Oriente","East",0.125,0,0.111,0.3
"54347",881,"Región Centro Oriente","East",0.125,0,0.111,0.3
"54377",882,"Región Centro Oriente","East",0.125,0,0.111,0.3
"54385",883,"Región Centro Oriente","East",0.125,0,0.111,0.3
"54398",884,"Región Centro Oriente","East",0.125,0,0.111,0.3
"54405",885,"Región Centro Oriente","East",0.125,0,0.111,0.3
"54418",886,"Región Centro Oriente","East",0.125,0,0.111,0.3
"54480",887,"Región Centro Oriente","East",0.125,0,0.111,0.3
"54498",888,"Región Centro Oriente","East",0.125,0,0.111,0.3
"54518",889,"Región Centro Oriente","East",0.125,0,0.111,0.3
"54520",890,"Región Centro Oriente","East",0.125,0,0.111,0.3
"54553",891,"Región Centro Oriente","East",0.125,0,0.111,0.3
"54599",892,"Región Centro Oriente","East",0.125,0,0.111,0.3
"54660",893,"Región Centro Oriente","East",0.125,0,0.111,0.3
"54670",894,"Región Centro Oriente","East",0.125,0,0.111,0.3
"54673",895,"Región Centro Oriente","East",0.125,0,0.111,0.3
"54680",896,"Región Centro Oriente","East",0.125,0,0.111,0.3
"54720",897,"Región Centro Oriente","East",0.125,0,0.111,0.3
"54743",898,"Región Centro Oriente","East",0.125,0,0.111,0.3
"54800",904,"Región Centro Oriente","East",0.125,0,0.111,0.3
"54810",905,"Región Centro Oriente","East",0.125,0,0.111,0.3
"54820",906,"Región Centro Oriente","East",0.125,0,0.111,0.3
"54871",899,"Región Centro Oriente","East",0.125,0,0.111,0.3
"54874",900,"Región Centro Oriente","East",0.125,0,0.111,0.3
"63001",256,"Región Eje Cafetero - Antioquia","North",0.25,0.222,0.333,0.1
"63111",257,"Región Eje Cafetero - Antioquia","North",0.25,0.222,0.333,0.1
"63130",258,"Región Eje Cafetero - Antioquia","North",0.25,0.222,0.333,0.1
"63190",259,"Región Eje Cafetero - Antioquia","North",0.25,0.222,0.333,0.1
"63212",260,"Región Eje Cafetero - Antioquia","North",0.25,0.222,0.333,0.1
"63272",261,"Región Eje Cafetero - Antioquia","North",0.25,0.222,0.333,0.1
"63302",262,"Región Eje Cafetero - Antioquia","North",0.25,0.222,0.333,0.1
"63401",263,"Región Eje Cafetero - Antioquia","North",0.25,0.222,0.333,0.1
"63470",264,"Región Eje Cafetero - Antioquia","North",0.25,0.222,0.333,0.1
"63548",265,"Región Eje Cafetero - Antioquia","North",0.25,0.222,0.333,0.1
"63594",266,"Región Eje Cafetero - Antioquia","North",0.25,0.222,0.333,0.1
"63690",267,"Región Eje Cafetero - Antioquia","North",0.25,0.222,0.333,0.1
"66001",268,"Región Eje Cafetero - Antioquia","North",0.25,0.222,0.333,0.1
"66045",269,"Región Eje Cafetero - Antioquia","North",0.25,0.222,0.333,0.1
"66075",270,"Región Eje Cafetero - Antioquia","North",0.25,0.222,0.333,0.1
"66088",271,"Región Eje Cafetero - Antioquia","North",0.25,0.222,0.333,0.1
"66170",272,"Región Eje Cafetero - Antioquia","North",0.25,0.222,0.333,0.1
"66318",273,"Región Eje Cafetero - Antioquia","North",0.25,0.222,0.333,0.1
"66383",274,"Región Eje Cafetero - Antioquia","North",0.25,0.222,0.333,0.1
"66400",275,"Región Eje Cafetero - Antioquia","North",0.25,0.222,0.333,0.1
"66440",276,"Región Eje Cafetero - Antioquia","North",0.25,0.222,0.333,0.1
"66456",277,"Región Eje Cafetero - Antioquia","North",0.25,0.222,0.333,0.1
"66572",278,"Región Eje Cafetero - Antioquia","North",0.25,0.222,0.333,0.1
"66594",279,"Región Eje Cafetero - Antioquia","North",0.25,0.222,0.333,0.1
"66682",280,"Región Eje Cafetero - Antioquia","North",0.25,0.222,0.333,0.1
"66687",281,"Región Eje Cafetero - Antioquia","North",0.25,0.222,0.333,0.1
"68001",1061,"Región Centro Oriente","East",0.125,0,0.111,0.3
"68013",975,"Región Centro Oriente","East",0.125,0,0.111,0.3
"68020",976,"Región Centro Oriente","East",0.125,0,0.111,0.3
"68051",977,"Región Centro Oriente","East",0.125,0,0.111,0.3
"68077",978,"Región Centro Oriente","East",0.125,0,0.111,0.3
"68079",979,"Región Centro Oriente","East",0.125,0,0.111,0.3
"68081",980,"Región Centro Oriente","East",0.125,0,0.111,0.3
"68092",981,"Región Centro Oriente","East",0.125,0,0.111,0.3
"68101",1058,"Región Centro Oriente","East",0.125,0,0.111,0.3
"68121",982,"Región Centro Oriente","East",0.125,0,0.111,0.3
"68132",983,"Región Centro Oriente","East",0.125,0,0.111,0.3
"68147",984,"Región Centro Oriente","East",0.125,0,0.111,0.3
"68152",985,"Región Centro Oriente","East",0.125,0,0.111,0.3
"68160",986,"Región Centro Oriente","East",0.125,0,0.111,0.3
"68162",987,"Región Centro Oriente","East",0.125,0,0.111,0.3
"68167",988,"Región Centro Oriente","East",0.125,0,0.111,0.3
"68169",989,"Región Centro Oriente","East",0.125,0,0.111,0.3
"68176",990,"Región Centro Oriente","East",0.125,0,0.111,0.3
"68179",991,"Región Centro Oriente","East",0.125,0,0.111,0.3
"68190",992,"Región Centro Oriente","East",0.125,0,0.111,0.3
"68207",993,"Región Centro Oriente","East",0.125,0,0.111,0.3
"68209",994,"Región Centro Oriente","East",0.125,0,0.111,0.3
"68211",1038,"Región Centro Oriente","East",0.125,0,0.111,0.3
"68217",1039,"Región Centro Oriente","East",0.125,0,0.111,0.3
"68229",1040,"Región Centro Oriente","East",0.125,0,0.111,0.3
"68235",1041,"Región Centro Oriente","East",0.125,0,0.111,0.3
"68245",1042,"Región Centro Oriente","East",0.125,0,0.111,0.3
"68250",1059,"Región Centro Oriente","East",0.125,0,0.111,0.3
"68255",1043,"Región Centro Oriente","East",0.125,0,0.111,0.3
"68264",1044,"Región Centro Oriente","East",0.125,0,0.111,0.3
"68266",1045,"Región Centro Oriente","East",0.125,0,0.111,0.3
"68271",1046,"Región Centro Oriente","East",0.125,0,0.111,0.3
"68276",1057,"Región Centro Oriente","East",0.125,0,0.111,0.3
"68296",1047,"Región Centro Oriente","East",0.125,0,0.111,0.3
"68298",1048,"Región Centro Oriente","East",0.125,0,0.111,0.3
"68307",1056,"Región Centro Oriente","East",0.125,0,0.111,0.3
"68318",1049,"Región Centro Oriente","East",0.125,0,0.111,0.3
"68320",1050,"Región Centro Oriente","East",0.125,0,0.111,0.3
"68322",1051,"Región Centro Oriente","East",0.125,0,0.111,0.3
"68324",1052,"Región Centro Oriente","East",0.125,0,0.111,0.3
"68327",1053,"Región Centro Oriente","East",0.125,0,0.111,0.3
"68344",1054,"Región Centro Oriente","East",0.125,0,0.111,0.3
"68368",1055,"Región Centro Oriente","East",0.125,0,0.111,0.3
"68370",1017,"Región Centro Oriente","East",0.125,0,0.111,0.3
"68377",1018,"Región Centro Oriente","East",0.125,0,0.111,0.3
"68385",1019,"Región Centro Oriente","East",0.125,0,0.111,0.3
"68397",1020,"Región Centro Oriente","East",0.125,0,0.111,0.3
"68406",1021,"Región Centro Oriente","East",0.125,0,0.111,0.3
"68418",1022,"Región Centro Oriente","East",0.125,0,0.111,0.3
"68425",1023,"Región Centro Oriente","East",0.125,0,0.111,0.3
"68432",1024,"Región Centro Oriente","East",0.125,0,0.111,0.3
"68444",1025,"Región Centro Oriente","East",0.125,0,0.111,0.3
"68464",1026,"Región Centro Oriente","East",0.125,0,0.111,0.3
"68468",1027,"Región Centro Oriente","East",0.125,0,0.111,0.3
"68498",1028,"Región Centro Oriente","East",0.125,0,0.111,0.3
"68500",1029,"Región Centro Oriente","East",0.125,0,0.111,0.3
"68502",1030,"Región Centro Oriente","East",0.125,0,0.111,0.3
"68522",1031,"Región Centro Oriente","East",0.125,0,0.111,0.3
"68524",1032,"Región Centro Oriente","East",0.125,0,0.111,0.3
"68533",1033,"Región Centro Oriente","East",0.125,0,0.111,0.3
"68547",1060,"Región Centro Oriente","East",0.125,0,0.111,0.3
"68549",1034,"Región Centro Oriente","East",0.125,0,0.111,0.3
"68572",1035,"Región Centro Oriente","East",0.125,0,0.111,0.3
"68573",1036,"Región Centro Oriente","East",0.125,0,0.111,0.3
"68575",1037,"Región Centro Oriente","East",0.125,0,0.111,0.3
"68615",995,"Región Centro Oriente","East",0.125,0,0.111,0.3
"68655",996,"Región Centro Oriente","East",0.125,0,0.111,0.3
"68669",997,"Región Centro Oriente","East",0.125,0,0.111,0.3
"68673",998,"Región Centro Oriente","East",0.125,0,0.111,0.3
"68679",999,"Región Centro Oriente","East",0.125,0,0.111,0.3
"68682",1000,"Región Centro Oriente","East",0.125,0,0.111,0.3
"68684",1001,"Región Centro Oriente","East",0.125,0,0.111,0.3
"68686",1002,"Región Centro Oriente","East",0.125,0,0.111,0.3
"68689",1003,"Región Centro Oriente","East",0.125,0,0.111,0.3
"68705",1004,"Región Centro Oriente","East",0.125,0,0.111,0.3
"68720",1005,"Región Centro Oriente","East",0.125,0,0.111,0.3
"68745",1006,"Región Centro Oriente","East",0.125,0,0.111,0.3
"68755",1007,"Región Centro Oriente","East",0.125,0,0.111,0.3
"68770",1008,"Región Centro Oriente","East",0.125,0,0.111,0.3
"68773",1009,"Región Centro Oriente","East",0.125,0,0.111,0.3
"68780",1010,"Región Centro Oriente","East",0.125,0,0.111,0.3
"68820",1011,"Región Centro Oriente","East",0.125,0,0.111,0.3
"68855",1012,"Región Centro Oriente","East",0.125,0,0.111,0.3
"68861",1013,"Región Centro Oriente","East",0.125,0,0.111,0.3
"68867",1014,"Región Centro Oriente","East",0.125,0,0.111,0.3
"68872",1015,"Región Centro Oriente","East",0.125,0,0.111,0.3
"68895",1016,"Región Centro Oriente","East",0.125,0,0.111,0.3
"70001",602,"Región Caribe","North",0.25,0.222,0.333,0.1
"70110",603,"Región Caribe","North",0.25,0.222,0.333,0.1
"70124",604,"Región Caribe","North",0.25,0.222,0.333,0.1
"70204",605,"Región Caribe","North",0.25,0.222,0.333,0.1
"70215",606,"Región Caribe","North",0.25,0.222,0.333,0.1
"70221",607,"Región Caribe","North",0.25,0.222,0.333,0.1
"70230",608,"Región Caribe","North",0.25,0.222,0.333,0.1
"70233",609,"Región Caribe","North",0.25,0.222,0.333,0.1
"70235",610,"Región Caribe","North",0.25,0.222,0.333,0.1
"70265",611,"Región Caribe","North",0.25,0.222,0.333,0.1
"70400",612,"Región Caribe","North",0.25,0.222,0.333,0.1
"70418",613,"Región Caribe","North",0.25,0.222,0.333,0.1
"70429",614,"Región Caribe","North",0.25,0.222,0.333,0.1
"70473",627,"Región Caribe","North",0.25,0.222,0.333,0.1
"70508",615,"Región Caribe","North",0.25,0.222,0.333,0.1
"70523",616,"Región Caribe","North",0.25,0.222,0.333,0.1
"70670",617,"Región Caribe","North",0.25,0.222,0.333,0.1
"70678",618,"Región Caribe","North",0.25,0.222,0.333,0.1
"70702",619,"Región Caribe","North",0.25,0.222,0.333,0.1
"70708",620,"Región Caribe","North",0.25,0.222,0.333,0.1
"70713",621,"Región Caribe","North",0.25,0.222,0.333,0.1
"70717",622,"Región Caribe","North",0.25,0.222,0.333,0.1
"70742",623,"Región Caribe","North",0.25,0.222,0.333,0.1
"70771",624,"Región Caribe","North",0.25,0.222,0.333,0.1
"70820",625,"Región Caribe","North",0.25,0.222,0.333,0.1
"70823",626,"Región Caribe","North",0.25,0.222,0.333,0.1
"73001",1062,"Región Centro Sur","South",0.25,0,0,0.5
"73024",1063,"Región Centro Sur","South",0.25,0,0,0.5
"73026",1064,"Región Centro Sur","South",0.25,0,0,0.5
"73030",1065,"Región Centro Sur","South",0.25,0,0,0.5
"73043",1066,"Región Centro Sur","South",0.25,0,0,0.5
"73055",1067,"Región Centro Sur","South",0.25,0,0,0.5
"73067",1068,"Región Centro Sur","South",0.25,0,0,0.5
"73124",1069,"Región Centro Sur","South",0.25,0,0,0.5
"73148",1070,"Región Centro Sur","South",0.25,0,0,0.5
"73152",1071,"Región Centro Sur","South",0.25,0,0,0.5
"73168",1072,"Región Centro Sur","South",0.25,0,0,0.5
"73200",1073,"Región Centro Sur","South",0.25,0,0,0.5
"73217",1074,"Región Centro Sur","South",0.25,0,0,0.5
"73226",1075,"Región Centro Sur","South",0.25,0,0,0.5
"73236",1076,"Región Centro Sur","South",0.25,0,0,0.5
"73268",1077,"Región Centro Sur","South",0.25,0,0,0.5
"73270",1078,"Región Centro Sur","South",0.25,0,0,0.5
"73275",1079,"Región Centro Sur","South",0.25,0,0,0.5
"73283",1080,"Región Centro Sur","South",0.25,0,0,0.5
"73319",1081,"Región Centro Sur","South",0.25,0,0,0.5
"73347",1082,"Región Centro Sur","South",0.25,0,0,0.5
"73349",1119,"Región Centro Sur","South",0.25,0,0,0.5
"73352",1083,"Región Centro Sur","South",0.25,0,0,0.5
"73408",1084,"Región Centro Sur","South",0.25,0,0,0.5
"73411",1085,"Región Centro Sur","South",0.25,0,0,0.5
"73443",1086,"Región Centro Sur","South",0.25,0,0,0.5
"73449",1087,"Región Centro Sur","South",0.25,0,0,0.5
"73461",1088,"Región Centro Sur","South",0.25,0,0,0.5
"73483",1089,"Región Centro Sur","South",0.25,0,0,0.5
"73504",1090,"Región Centro Sur","South",0.25,0,0,0.5
"73520",1091,"Región Centro Sur","South",0.25,0,0,0.5
"73547",1092,"Región Centro Sur","South",0.25,0,0,0.5
"73555",1093,"Región Centro Sur","South",0.25,0,0,0.5
"73563",1094,"Región Centro Sur","South",0.25,0,0,0.5
"73585",1095,"Región Centro Sur","South",0.25,0,0,0.5
"73616",1096,"Región Centro Sur","South",0.25,0,0,0.5
"73622",1097,"Región Centro Sur","South",0.25,0,0,0.5
"73624",1098,"Región Centro Sur","South",0.25,0,0,0.5
"73671",1099,"Región Centro Sur","South",0.25,0,0,0.5
"73675",1100,"Región Centro Sur","South",0.25,0,0,0.5
"73678",1101,"Región Centro Sur","South",0.25,0,0,0.5
"73686",1102,"Región Centro Sur","South",0.25,0,0,0.5
"73770",1103,"Región Centro Sur","South",0.25,0,0,0.5
"73854",1104,"Región Centro Sur","South",0.25,0,0,0.5
"73861",1105,"Región Centro Sur","South",0.25,0,0,0.5
"73870",1106,"Región Centro Sur","South",0.25,0,0,0.5
"73873",1107,"Región Centro Sur","South",0.25,0,0,0.5
"76001",58,"Región Pacífico","West",0.125,0,0.111,0.3
"76020",75,"Región Pacífico","West",0.125,0,0.111,0.3
"76036",59,"Región Pacífico","West",0.125,0,0.111,0.3
"76041",60,"Región Pacífico","West",0.125,0,0.111,0.3
"76054",61,"Región Pacífico","West",0.125,0,0.111,0.3
"76100",97,"Región Pacífico","West",0.125,0,0.111,0.3
"76109",99,"Región Pacífico","West",0.125,0,0.111,0.3
"76111",62,"Región Pacífico","West",0.125,0,0.111,0.3
"76113",63,"Región Pacífico","West",0.125,0,0.111,0.3
"76122",64,"Región Pacífico","West",0.125,0,0.111,0.3
"76126",65,"Región Pacífico","West",0.125,0,0.111,0.3
"76130",66,"Región Pacífico","West",0.125,0,0.111,0.3
"76147",67,"Región Pacífico","West",0.125,0,0.111,0.3
"76233",98,"Región Pacífico","West",0.125,0,0.111,0.3
"76243",68,"Región Pacífico","West",0.125,0,0.111,0.3
"76246",69,"Región Pacífico","West",0.125,0,0.111,0.3
"76248",70,"Región Pacífico","West",0.125,0,0.111,0.3
"76250",71,"Región Pacífico","West",0.125,0,0.111,0.3
"76275",72,"Región Pacífico","West",0.125,0,0.111,0.3
"76306",73,"Región Pacífico","West",0.125,0,0.111,0.3
"76318",74,"Región Pacífico","West",0.125,0,0.111,0.3
"76364",96,"Región Pacífico","West",0.125,0,0.111,0.3
"76377",95,"Región Pacífico","West",0.125,0,0.111,0.3
"76400",94,"Región Pacífico","West",0.125,0,0.111,0.3
"76403",93,"Región Pacífico","West",0.125,0,0.111,0.3
"76497",76,"Región Pacífico","West",0.125,0,0.111,0.3
"76520",77,"Región Pacífico","West",0.125,0,0.111,0.3
"76563",78,"Región Pacífico","West",0.125,0,0.111,0.3
"76606",79,"Región Pacífico","West",0.125,0,0.111,0.3
"76616",80,"Región Pacífico","West",0.125,0,0.111,0.3
"76622",81,"Región Pacífico","West",0.125,0,0.111,0.3
"76670",82,"Región Pacífico","West",0.125,0,0.111,0.3
"76736",83,"Región Pacífico","West",0.125,0,0.111,0.3
"76823",84,"Región Pacífico","West",0.125,0,0.111,0.3
"76828",85,"Región Pacífico","West",0.125,0,0.111,0.3
"76834",86,"Región Pacífico","West",0.125,0,0.111,0.3
"76845",87,"Región Pacífico","West",0.125,0,0.111,0.3
"76863",88,"Región Pacífico","West",0.125,0,0.111,0.3
"76869",89,"Región Pacífico","West",0.125,0,0.111,0.3
"76890",90,"Región Pacífico","West",0.125,0,0.111,0.3
"76892",91,"Región Pacífico","West",0.125,0,0.111,0.3
"76895",92,"Región Pacífico","West",0.125,0,0.111,0.3
"81001",630,"Región Llano","East",0.125,0,0.111,0.3
"81065",633,"Región Llano","East",0.125,0,0.111,0.3
"81220",632,"Región Llano","East",0.125,0,0.111,0.3
"81300",634,"Región Llano","East",0.125,0,0.111,0.3
"81591",631,"Región Llano","East",0.125,0,0.111,0.3
"81736",635,"Región Llano","East",0.125,0,0.111,0.3
"81794",636,"Región Llano","East",0.125,0,0.111,0.3
"85001",189,"Región Llano","East",0.125,0,0.111,0.3
"85010",190,"Región Llano","East",0.125,0,0.111,0.3
"85015",191,"Región Llano","East",0.125,0,0.111,0.3
"85125",206,"Región Llano","East",0.125,0,0.111,0.3
"85136",192,"Región Llano","East",0.125,0,0.111,0.3
"85139",193,"Región Llano","East",0.125,0,0.111,0.3
"85162",194,"Región Llano","East",0.125,0,0.111,0.3
"85225",195,"Región Llano","East",0.125,0,0.111,0.3
"85230",196,"Región Llano","East",0.125,0,0.111,0.3
"85250",207,"Región Llano","East",0.125,0,0.111,0.3
"85263",197,"Región Llano","East",0.125,0,0.111,0.3
"85279",198,"Región Llano","East",0.125,0,0.111,0.3
"85300",199,"Región Llano","East",0.125,0,0.111,0.3
"85315",200,"Región Llano","East",0.125,0,0.111,0.3
"85325",201,"Región Llano","East",0.125,0,0.111,0.3
"85400",202,"Región Llano","East",0.125,0,0.111,0.3
"85410",203,"Región Llano","East",0.125,0,0.111,0.3
"85430",204,"Región Llano","East",0.125,0,0.111,0.3
"85440",205,"Región Llano","East",0.125,0,0.111,0.3
"86001",100,"Región Centro Sur","South",0.25,0,0,0.5
"86219",101,"Región Centro Sur","South",0.25,0,0,0.5
"86320",102,"Región Centro Sur","South",0.25,0,0,0.5
"86568",110,"Región Centro Sur","South",0.25,0,0,0.5
"86569",109,"Región Centro Sur","South",0.25,0,0,0.5
"86571",111,"Región Centro Sur","South",0.25,0,0,0.5
"86573",112,"Región Centro Sur","South",0.25,0,0,0.5
"86749",103,"Región Centro Sur","South",0.25,0,0,0.5
"86755",104,"Región Centro Sur","South",0.25,0,0,0.5
"86757",105,"Región Centro Sur","South",0.25,0,0,0.5
"86760",106,"Región Centro Sur","South",0.25,0,0,0.5
"86865",107,"Región Centro Sur","South",0.25,0,0,0.5
"86885",108,"Región Centro Sur","South",0.25,0,0,0.5
"88001",628,"Región Caribe","North",0.25,0.222,0.333,0.1
"88564",629,"Región Caribe","North",0.25,0.222,0.333,0.1
"91001",208,"Región Centro Sur","South",0.25,0,0,0.5
"91263",209,"Región Centro Sur","South",0.25,0,0,0.5
"91405",210,"Región Centro Sur","South",0.25,0,0,0.5
"91407",211,"Región Centro Sur","South",0.25,0,0,0.5
"91430",212,"Región Centro Sur","South",0.25,0,0,0.5
"91460",213,"Región Centro Sur","South",0.25,0,0,0.5
"91530",214,"Región Centro Sur","South",0.25,0,0,0.5
"91536",215,"Región Centro Sur","South",0.25,0,0,0.5
"91540",216,"Región Centro Sur","South",0.25,0,0,0.5
"91669",217,"Región Centro Sur","South",0.25,0,0,0.5
"91798",218,"Región Centro Sur","South",0.25,0,0,0.5
"94001",176,"Región Llano","East",0.125,0,0.111,0.3
"94343",177,"Región Llano","East",0.125,0,0.111,0.3
"94663",178,"Región Llano","East",0.125,0,0.111,0.3
"94883",179,"Región Llano","East",0.125,0,0.111,0.3
"94884",180,"Región Llano","East",0.125,0,0.111,0.3
"94885",181,"Región Llano","East",0.125,0,0.111,0.3
"94886",182,"Región Llano","East",0.125,0,0.111,0.3
"94887",183,"Región Llano","East",0.125,0,0.111,0.3
"94888",184,"Región Llano","East",0.125,0,0.111,0.3
"95001",225,"Región Llano","East",0.125,0,0.111,0.3
"95015",226,"Región Llano","East",0.125,0,0.111,0.3
"95025",227,"Región Llano","East",0.125,0,0.111,0.3
"95200",228,"Región Llano","East",0.125,0,0.111,0.3
"97001",219,"Región Centro Sur","South",0.25,0,0,0.5
"97161",220,"Región Centro Sur","South",0.25,0,0,0.5
"97511",221,"Región Centro Sur","South",0.25,0,0,0.5
"97666",222,"Región Centro Sur","South",0.25,0,0,0.5
"97777",223,"Región Centro Sur","South",0.25,0,0,0.5
"97889",224,"Región Centro Sur","South",0.25,0,0,0.5
"99001",186,"Región Llano","East",0.125,0,0.111,0.3
"99524",187,"Región Llano","East",0.125,0,0.111,0.3
"99624",185,"Región Llano","East",0.125,0,0.111,0.3
"99773",188,"Región Llano","East",0.125,0,0.111,0.3
