REGION,CODIGO DANE DEL DEPARTAMENTO,DEPARTAMENTO,CODIGO DANE DEL MUNICIPIO,MUNICIPIO
 Eje Cafetero - Antioquia,05,Antioquia,05400,La Union
 Caribe,13,Bolivar,13300,Hatillo de Loba
 Caribe,13,Bolivar,13600,Rio Viejo
 Centro Oriente,15,Boyaca,15500,Oicata
 Centro Oriente,15,Boyaca,15600,Raquira
 Pacifico,19,Cauca,19100,Bolivar
 Pacifico,19,Cauca,19300,Guachene
 Caribe,20,Cesar,20400,La Jagua de Ibirico
 Caribe,23,Cordoba,23300,Cotorra
 Caribe,23,Cordoba,23500,Monitos
 Centro Oriente,25,Cundinamarca,25200,Cogua
 Pacifico,27,Choco,27600,Rio Quito
 Pacifico,27,Choco,27800,Unguia
 Llano,50,Meta,50400,Lejanias
 Eje Cafetero - Antioquia,05,Antioquia,05120,Caceres
 Eje Cafetero - Antioquia,05,Antioquia,05150,Carolina
 Eje Cafetero - Antioquia,05,Antioquia,05190,Cisneros
 Eje Cafetero - Antioquia,05,Antioquia,05240,Ebejico
 Eje Cafetero - Antioquia,05,Antioquia,05250,El Bagre
 Eje Cafetero - Antioquia,05,Antioquia,05310,Gomez Plata
 Eje Cafetero - Antioquia,05,Antioquia,05360,Itagui
 Eje Cafetero - Antioquia,05,Antioquia,05380,La Estrella
 Eje Cafetero - Antioquia,05,Antioquia,05390,La Pintada
 Eje Cafetero - Antioquia,05,Antioquia,05440,Marinilla
 Eje Cafetero - Antioquia,05,Antioquia,05480,Mutata
 Centro Oriente,54,Norte de Santander,00548,Teorama
 Eje Cafetero - Antioquia,05,Antioquia,05490,Necocli
 Eje Cafetero - Antioquia,05,Antioquia,05660,San Luis
 Eje Cafetero - Antioquia,05,Antioquia,05670,San Roque
 Eje Cafetero - Antioquia,05,Antioquia,05690,Santo Domingo
 Eje Cafetero - Antioquia,05,Antioquia,05790,Taraza
 Eje Cafetero - Antioquia,05,Antioquia,05890,Yolombo
 Eje Cafetero - Antioquia,66,Risaralda,66400,La Virginia
 Centro Oriente,68,Santander,68500,Oiba
 Caribe,70,Sucre,70400,La Union
 Centro Sur,73,Tolima,73200,Coello
 Pacifico,76,Valle del Cauca,76100,Bolivar
 Pacifico,76,Valle del Cauca,76400,La Union
 Llano,81,Arauca,81300,Fortul
 Caribe,08,Atlantico,08520,Palmar de Varela
 Llano,85,Casanare,85300,Sabanalarga
 Llano,85,Casanare,85400,Tamara
 Caribe,08,Atlantico,08560,Ponedera
 Caribe,08,Atlantico,08770,Suan
 Llano,95,Guaviare,95200,Miraflores
 Caribe,13,Bolivar,13030,Altos del Rosario
 Caribe,13,Bolivar,13140,Calamar
 Caribe,13,Bolivar,13160,Cantagallo
 Caribe,13,Bolivar,13430,Magangue
 Caribe,13,Bolivar,13440,Margarita
 Caribe,13,Bolivar,13490,Norosi
 Caribe,13,Bolivar,13580,Regidor
 Caribe,13,Bolivar,13620,San Cristobal
 Caribe,13,Bolivar,13650,San Fernando
 Caribe,13,Bolivar,13670,San Pablo de Borbur
 Caribe,13,Bolivar,13760,Soplaviento
 Caribe,13,Bolivar,13780,Talaigua Nuevo
 Caribe,13,Bolivar,13810,Tiquisio
 Centro Oriente,15,Boyaca,15090,Berbeo
 Centro Oriente,15,Boyaca,15180,Chiscas
 Centro Oriente,15,Boyaca,15380,La Capilla
 Centro Oriente,15,Boyaca,15480,Muzo
 Centro Oriente,15,Boyaca,15550,Pisba
 Centro Oriente,15,Boyaca,15580,Quipama
 Centro Oriente,15,Boyaca,15660,San Eduardo
 Centro Oriente,15,Boyaca,15690,Santa Maria
 Centro Oriente,15,Boyaca,15720,Sativanorte
 Centro Oriente,15,Boyaca,15740,Siachoque
 Centro Oriente,15,Boyaca,15790,Tasco
 Centro Oriente,15,Boyaca,15810,Tipacoque
 Centro Oriente,15,Boyaca,15820,Topaga
 Eje Cafetero - Antioquia,17,Caldas,17050,Aranzazu
 Eje Cafetero - Antioquia,17,Caldas,17380,La Dorada
 Centro Sur,18,Caqueta,18150,Cartagena del Chaira
 Centro Sur,18,Caqueta,18410,La Montanita
 Centro Sur,18,Caqueta,18460,Milan
 Centro Sur,18,Caqueta,18610,San Jose del Fragua
 Centro Sur,18,Caqueta,18860,Valparaiso
 Pacifico,19,Cauca,19050,Argelia
 Pacifico,19,Cauca,19110,Buenos Aires
 Pacifico,19,Cauca,19130,Cajibio
 Pacifico,19,Cauca,19290,Florencia
 Pacifico,19,Cauca,19450,Mercaderes
 Pacifico,19,Cauca,19760,Sotara
 Pacifico,19,Cauca,19780,Suarez
 Caribe,20,Cesar,20060,Bosconia
 Caribe,20,Cesar,20250,El Paso
 Caribe,20,Cesar,20310,Gonzalez
 Caribe,20,Cesar,20550,Pelaya
 Caribe,20,Cesar,20570,Pueblo Bello
 Caribe,20,Cesar,20710,San Alberto
 Caribe,20,Cesar,20750,San Diego
 Caribe,20,Cesar,20770,San Martin
 Caribe,23,Cordoba,23090,Canalete
 Caribe,23,Cordoba,23350,La Apartada
 Caribe,23,Cordoba,23570,Pueblo Nuevo
 Caribe,23,Cordoba,23580,Puerto Libertador
 Caribe,23,Cordoba,23660,Sahagún
 Caribe,23,Cordoba,23670,San Andres Sotavento
 Centro Oriente,25,Cundinamarca,25040,Anolaima
 Centro Oriente,25,Cundinamarca,25120,Cabrera
 Centro Oriente,25,Cundinamarca,25260,El Rosal
 Centro Oriente,25,Cundinamarca,25290,Fusagasuga
 Centro Oriente,25,Cundinamarca,25320,Guaduas
 Centro Oriente,25,Cundinamarca,25430,Madrid
 Centro Oriente,25,Cundinamarca,25530,Paratebueno
 Centro Oriente,25,Cundinamarca,25580,Puli
 Centro Oriente,25,Cundinamarca,25740,Sibate
 Pacifico,27,Choco,27050,Atrato
 Pacifico,27,Choco,27150,Carmen del Darien
 Pacifico,27,Choco,27160,Certegui
 Pacifico,27,Choco,27250,El Litoral del San Juan
 Pacifico,27,Choco,27430,Medio Baudo
 Pacifico,27,Choco,27450,Medio San Juan
 Pacifico,27,Choco,27580,Rio Iro
 Pacifico,27,Choco,27660,San Jose del Palmar
 Pacifico,27,Choco,27810,Union Panamericana
 Centro Sur,41,Huila,41020,Algeciras
 Centro Sur,41,Huila,41530,Palestina
 Centro Sur,41,Huila,41660,Saladoblanco
 Centro Sur,41,Huila,41770,Suaza
 Caribe,44,La Guajira,44090,Dibula
 Caribe,44,La Guajira,44110,El Molino
 Caribe,44,La Guajira,44420,La Jagua del Pilar
 Caribe,44,La Guajira,44430,Maicao
 Caribe,44,La Guajira,44560,Manaure
 Caribe,44,La Guajira,44650,San Juan del Cesar
 Caribe,47,Magdalena,47030,Algarrobo
 Caribe,47,Magdalena,47170,Chivolo
 Caribe,47,Magdalena,47460,Nueva Granada
 Caribe,47,Magdalena,47570,Pueblo Viejo
 Caribe,47,Magdalena,47660,Sabanas de San Angel
 Caribe,47,Magdalena,47720,Santa Barbara de Pinto
 Caribe,47,Magdalena,47960,Zapayan
 Caribe,47,Magdalena,47980,Zona Bananera
 Eje Cafetero - Antioquia,05,Antioquia,05001,Medellin
 Eje Cafetero - Antioquia,05,Antioquia,05002,Abejorral
 Eje Cafetero - Antioquia,05,Antioquia,05004,Abriaqui
 Llano,50,Meta,05011,Barranca de Upia
 Llano,50,Meta,05015,Castilla la Nueva
 Eje Cafetero - Antioquia,05,Antioquia,05021,Alejandria
 Llano,50,Meta,05027,El Dorado
 Eje Cafetero - Antioquia,05,Antioquia,05030,Amaga
 Eje Cafetero - Antioquia,05,Antioquia,05031,Amalfi
 Llano,50,Meta,05033,Mesetas
 Eje Cafetero - Antioquia,05,Antioquia,05034,Andes
 Llano,50,Meta,05035,La Macarena
 Eje Cafetero - Antioquia,05,Antioquia,05036,Angelopolis
 Llano,50,Meta,05037,Uribe
 Eje Cafetero - Antioquia,05,Antioquia,05038,Angostura
 Eje Cafetero - Antioquia,05,Antioquia,05040,Anori
 Eje Cafetero - Antioquia,05,Antioquia,05042,Santafe de Antioquia
 Eje Cafetero - Antioquia,05,Antioquia,05044,Anza
 Eje Cafetero - Antioquia,05,Antioquia,05045,Apartado
 Llano,50,Meta,05045,Puerto Concordia
 Eje Cafetero - Antioquia,05,Antioquia,05051,Arboletes
 Eje Cafetero - Antioquia,05,Antioquia,05055,Argelia
 Eje Cafetero - Antioquia,05,Antioquia,05059,Armenia
 Llano,50,Meta,05059,Puerto Rico
 Llano,50,Meta,05068,San Carlos de Guaroa
 Eje Cafetero - Antioquia,05,Antioquia,05079,Barbosa
 Eje Cafetero - Antioquia,05,Antioquia,05086,Belmira
 Eje Cafetero - Antioquia,05,Antioquia,05088,Bello
 Eje Cafetero - Antioquia,05,Antioquia,05091,Betania
 Eje Cafetero - Antioquia,05,Antioquia,05093,Betulia
 Eje Cafetero - Antioquia,05,Antioquia,05101,Ciudad Bolivar
 Eje Cafetero - Antioquia,05,Antioquia,05107,Briceno
 Eje Cafetero - Antioquia,05,Antioquia,05113,Buritica
 Eje Cafetero - Antioquia,05,Antioquia,05125,Caicedo
 Eje Cafetero - Antioquia,05,Antioquia,05129,Caldas
 Eje Cafetero - Antioquia,05,Antioquia,05134,Campamento
 Eje Cafetero - Antioquia,05,Antioquia,05138,Canasgordas
 Eje Cafetero - Antioquia,05,Antioquia,05142,Caracoli
 Eje Cafetero - Antioquia,05,Antioquia,05145,Caramanta
 Eje Cafetero - Antioquia,05,Antioquia,05147,Carepa
 Eje Cafetero - Antioquia,05,Antioquia,05148,El Carmen de Viboral
 Eje Cafetero - Antioquia,05,Antioquia,05154,Caucasia
 Eje Cafetero - Antioquia,05,Antioquia,05172,Chigorodo
 Eje Cafetero - Antioquia,05,Antioquia,05197,Cocorna
 Eje Cafetero - Antioquia,05,Antioquia,05206,Concepcion
 Eje Cafetero - Antioquia,05,Antioquia,05209,Concordia
 Pacifico,52,Narino,05211,Buesaco
 Eje Cafetero - Antioquia,05,Antioquia,05212,Copacabana
 Pacifico,52,Narino,05221,Contadero
 Pacifico,52,Narino,05224,Chachagüi
 Pacifico,52,Narino,05225,El Charco
 Pacifico,52,Narino,05226,El Tambo
 Pacifico,52,Narino,05232,Guaitarilla
 Eje Cafetero - Antioquia,05,Antioquia,05234,Dabeiba
 Eje Cafetero - Antioquia,05,Antioquia,05237,Don Matias
 Pacifico,52,Narino,05239,La Tola
 Pacifico,52,Narino,05248,Narino
 Pacifico,52,Narino,05249,Olaya Herrera
 Pacifico,52,Narino,05252,Francisco Pizarro
 Pacifico,52,Narino,05254,Policarpa
 Pacifico,52,Narino,05256,Potosi
 Eje Cafetero - Antioquia,05,Antioquia,05264,Entrerrios
 Eje Cafetero - Antioquia,05,Antioquia,05266,Envigado
 Pacifico,52,Narino,05272,Sapuyes
 Eje Cafetero - Antioquia,05,Antioquia,05282,Fredonia
 Eje Cafetero - Antioquia,05,Antioquia,05284,Frontino
 Eje Cafetero - Antioquia,05,Antioquia,05306,Giraldo
 Eje Cafetero - Antioquia,05,Antioquia,05308,Girardota
 Eje Cafetero - Antioquia,05,Antioquia,05313,Granada
 Eje Cafetero - Antioquia,05,Antioquia,05315,Guadalupe
 Eje Cafetero - Antioquia,05,Antioquia,05318,Guarne
 Eje Cafetero - Antioquia,05,Antioquia,05321,Guatape
 Eje Cafetero - Antioquia,05,Antioquia,05347,Heliconia
 Eje Cafetero - Antioquia,05,Antioquia,05353,Hispania
 Eje Cafetero - Antioquia,05,Antioquia,05361,Ituango
 Eje Cafetero - Antioquia,05,Antioquia,05364,Jardin
 Eje Cafetero - Antioquia,05,Antioquia,05368,Jerico
 Eje Cafetero - Antioquia,05,Antioquia,05376,La Ceja
 Eje Cafetero - Antioquia,05,Antioquia,05411,Liborina
 Eje Cafetero - Antioquia,05,Antioquia,05425,Maceo
 Centro Oriente,54,Norte de Santander,05425,El Tarra
 Centro Oriente,54,Norte de Santander,05448,Mutiscua
 Centro Oriente,54,Norte de Santander,05452,Pamplonita
 Centro Oriente,54,Norte de Santander,05466,Salazar
 Eje Cafetero - Antioquia,05,Antioquia,05467,Montebello
 Centro Oriente,54,Norte de Santander,05467,San Calixto
 Centro Oriente,54,Norte de Santander,05468,Santiago
 Centro Oriente,54,Norte de Santander,05472,Sardinata
 Eje Cafetero - Antioquia,05,Antioquia,05475,Murindo
 Centro Oriente,54,Norte de Santander,05481,Tibú
 Centro Oriente,54,Norte de Santander,05482,Toledo
 Eje Cafetero - Antioquia,05,Antioquia,05483,Narino
 Eje Cafetero - Antioquia,05,Antioquia,05495,Nechi
 Eje Cafetero - Antioquia,05,Antioquia,05501,Olaya
 Eje Cafetero - Antioquia,05,Antioquia,05541,Penol
 Eje Cafetero - Antioquia,05,Antioquia,05543,Peque
 Eje Cafetero - Antioquia,05,Antioquia,05576,Pueblorrico
 Eje Cafetero - Antioquia,05,Antioquia,05579,Puerto Berrio
 Eje Cafetero - Antioquia,05,Antioquia,05585,Puerto Nare
 Eje Cafetero - Antioquia,05,Antioquia,05591,Puerto Triunfo
 Eje Cafetero - Antioquia,05,Antioquia,05604,Remedios
 Eje Cafetero - Antioquia,05,Antioquia,05607,Retiro
 Eje Cafetero - Antioquia,05,Antioquia,05615,Rionegro
 Eje Cafetero - Antioquia,05,Antioquia,05628,Sabanalarga
 Eje Cafetero - Antioquia,05,Antioquia,05631,Sabaneta
 Eje Cafetero - Antioquia,05,Antioquia,05642,Salgar
 Eje Cafetero - Antioquia,05,Antioquia,05647,San Andres de Cuerquia
 Eje Cafetero - Antioquia,05,Antioquia,05649,San Carlos
 Eje Cafetero - Antioquia,05,Antioquia,05652,San Francisco
 Eje Cafetero - Antioquia,05,Antioquia,05656,San Jeronimo
 Eje Cafetero - Antioquia,05,Antioquia,05658,San Jose de La Montana
 Eje Cafetero - Antioquia,05,Antioquia,05659,San Juan de Uraba
 Eje Cafetero - Antioquia,05,Antioquia,05664,San Pedro
 Eje Cafetero - Antioquia,05,Antioquia,05665,San Pedro de Uraba
 Eje Cafetero - Antioquia,05,Antioquia,05667,San Rafael
 Eje Cafetero - Antioquia,05,Antioquia,05674,San Vicente
 Eje Cafetero - Antioquia,05,Antioquia,05679,Santa Barbara
 Eje Cafetero - Antioquia,05,Antioquia,05686,Santa Rosa de Osos
 Eje Cafetero - Antioquia,05,Antioquia,05697,El Santuario
 Eje Cafetero - Antioquia,05,Antioquia,05736,Segovia
 Eje Cafetero - Antioquia,05,Antioquia,05756,Sonson
 Eje Cafetero - Antioquia,05,Antioquia,05761,Sopetran
 Eje Cafetero - Antioquia,05,Antioquia,05789,Tamesis
 Eje Cafetero - Antioquia,05,Antioquia,05792,Tarso
 Eje Cafetero - Antioquia,05,Antioquia,05809,Titiribi
 Eje Cafetero - Antioquia,05,Antioquia,05819,Toledo
 Eje Cafetero - Antioquia,05,Antioquia,05837,Turbo
 Eje Cafetero - Antioquia,05,Antioquia,05842,Uramita
 Eje Cafetero - Antioquia,05,Antioquia,05847,Urrao
 Eje Cafetero - Antioquia,05,Antioquia,05854,Valdivia
 Eje Cafetero - Antioquia,05,Antioquia,05856,Valparaiso
 Eje Cafetero - Antioquia,05,Antioquia,05858,Vegachi
 Eje Cafetero - Antioquia,05,Antioquia,05861,Venecia
 Eje Cafetero - Antioquia,05,Antioquia,05873,Vigia del Fuerte
 Eje Cafetero - Antioquia,05,Antioquia,05885,Yali
 Eje Cafetero - Antioquia,05,Antioquia,05887,Yarumal
 Eje Cafetero - Antioquia,05,Antioquia,05893,Yondo
 Eje Cafetero - Antioquia,05,Antioquia,05895,Zaragoza
 Eje Cafetero - Antioquia,63,Quindio,06313,Calarca
 Eje Cafetero - Antioquia,63,Quindio,06319,Circasia
 Eje Cafetero - Antioquia,63,Quindio,06347,Montenegro
 Eje Cafetero - Antioquia,63,Quindio,06369,Salento
 Eje Cafetero - Antioquia,66,Risaralda,06617,Dosquebradas
 Eje Cafetero - Antioquia,66,Risaralda,06644,Marsella
 Centro Oriente,68,Santander,06802,Albania
 Centro Oriente,68,Santander,06816,Cepita
 Centro Oriente,68,Santander,06819,Cimitarra
 Centro Oriente,68,Santander,06825,El Penon
 Centro Oriente,68,Santander,06832,Guadalupe
 Centro Oriente,68,Santander,06837,Jordan
 Centro Oriente,68,Santander,06872,Santa Helena del Opon
 Centro Oriente,68,Santander,06877,Suaita
 Centro Oriente,68,Santander,06878,Surata
 Centro Oriente,68,Santander,06882,Tona
 Caribe,70,Sucre,07011,Buenavista
 Caribe,70,Sucre,07023,Chalan
 Caribe,70,Sucre,07067,Sampues
 Caribe,70,Sucre,07082,Santiago de Tolú
 Centro Sur,73,Tolima,07303,Ambalema
 Centro Sur,73,Tolima,07327,Falan
 Centro Sur,73,Tolima,07352,Palocabildo
 Centro Sur,73,Tolima,07377,Suarez
 Centro Sur,73,Tolima,07387,Villahermosa
 Pacifico,76,Valle del Cauca,07602,Alcala
 Pacifico,76,Valle del Cauca,07613,Candelaria
 Pacifico,76,Valle del Cauca,07625,El Dovio
 Pacifico,76,Valle del Cauca,07652,Palmira
 Pacifico,76,Valle del Cauca,76670,San Pedro
 Pacifico,76,Valle del Cauca,76890,Yotoco
 Caribe,08,Atlantico,08001,Barranquilla
 Caribe,08,Atlantico,08078,Baranoa
 Llano,81,Arauca,08122,Cravo Norte
 Caribe,08,Atlantico,08137,Campo de La Cruz
 Caribe,08,Atlantico,08141,Candelaria
 Caribe,08,Atlantico,08296,Galapa
 Caribe,08,Atlantico,08372,Juan de Acosta
 Caribe,08,Atlantico,08421,Luruaco
 Caribe,08,Atlantico,08433,Malambo
 Caribe,08,Atlantico,08436,Manati
 Llano,85,Casanare,08501,Aguazul
 Llano,85,Casanare,08523,Orocue
 Llano,85,Casanare,08525,Paz de Ariporo
 Llano,85,Casanare,08541,Tauramena
 Llano,85,Casanare,08543,Trinidad
 Llano,85,Casanare,08544,Villanueva
 Caribe,08,Atlantico,08549,Piojo
 Caribe,08,Atlantico,08558,Polonuevo
 Caribe,08,Atlantico,08573,Puerto Colombia
 Caribe,08,Atlantico,08606,Repelon
 Centro Sur,86,Putumayo,08632,Orito
 Caribe,08,Atlantico,08634,Sabanagrande
 Caribe,08,Atlantico,08638,Sabanalarga
 Caribe,08,Atlantico,08675,Santa Lucia
 Centro Sur,86,Putumayo,08676,Santiago
 Caribe,08,Atlantico,08685,Santo Tomas
 Caribe,08,Atlantico,08758,Soledad
 Caribe,08,Atlantico,08832,Tubara
 Caribe,08,Atlantico,08849,Usiacuri
 Centro Sur,91,Amazonas,09143,La Victoria
 Centro Sur,91,Amazonas,09146,Miriti Parana
 Centro Sur,91,Amazonas,09153,Puerto Alegria
 Centro Sur,91,Amazonas,09154,Puerto Narino
 Centro Oriente,11,Bogota D.C.,11001,Bogota D.C.
 Caribe,13,Bolivar,13001,Cartagena
 Caribe,13,Bolivar,13006,Achi
 Caribe,13,Bolivar,13042,Arenal
 Caribe,13,Bolivar,13052,Arjona
 Caribe,13,Bolivar,13062,Arroyohondo
 Caribe,13,Bolivar,13074,Barranco de Loba
 Caribe,13,Bolivar,13188,Cicuco
 Caribe,13,Bolivar,13212,Cordoba
 Caribe,13,Bolivar,13222,Clemencia
 Caribe,13,Bolivar,13244,El Carmen de Bolivar
 Caribe,13,Bolivar,13248,El Guamo
 Caribe,13,Bolivar,13268,El Penon
 Caribe,13,Bolivar,13433,Mahates
 Caribe,13,Bolivar,13442,Maria la Baja
 Caribe,13,Bolivar,13458,Montecristo
 Caribe,13,Bolivar,13468,Mompos
 Caribe,13,Bolivar,13473,Morales
 Caribe,13,Bolivar,13549,Pinillos
 Caribe,13,Bolivar,13647,San Estanislao
 Caribe,13,Bolivar,13654,San Jacinto
 Caribe,13,Bolivar,13655,San Jacinto del Cauca
 Caribe,13,Bolivar,13657,San Juan Nepomuceno
 Caribe,13,Bolivar,13667,San Martin de Loba
 Caribe,13,Bolivar,13673,Santa Catalina
 Caribe,13,Bolivar,13683,Santa Rosa
 Caribe,13,Bolivar,13688,Santa Rosa del Sur
 Caribe,13,Bolivar,13744,Simiti
 Caribe,13,Bolivar,13836,Turbaco
 Caribe,13,Bolivar,13838,Turbana
 Caribe,13,Bolivar,13873,Villanueva
 Caribe,13,Bolivar,13894,Zambrano
 Centro Oriente,15,Boyaca,15001,Tunja
 Centro Oriente,15,Boyaca,15022,Almeida
 Centro Oriente,15,Boyaca,15047,Aquitania
 Centro Oriente,15,Boyaca,15051,Arcabuco
 Centro Oriente,15,Boyaca,15087,Belen
 Centro Oriente,15,Boyaca,15092,Beteitiva
 Centro Oriente,15,Boyaca,15097,Boavita
 Centro Oriente,15,Boyaca,15104,Boyaca
 Centro Oriente,15,Boyaca,15106,Briceno
 Centro Oriente,15,Boyaca,15109,Buena Vista
 Centro Oriente,15,Boyaca,15114,Busbanza
 Centro Oriente,15,Boyaca,15131,Caldas
 Centro Oriente,15,Boyaca,15135,Campohermoso
 Centro Oriente,15,Boyaca,15162,Cerinza
 Centro Oriente,15,Boyaca,15172,Chinavita
 Centro Oriente,15,Boyaca,15176,Chiquinquira
 Centro Oriente,15,Boyaca,15183,Chita
 Centro Oriente,15,Boyaca,15185,Chitaraque
 Centro Oriente,15,Boyaca,15187,Chivata
 Centro Oriente,15,Boyaca,15189,Cienega
 Centro Oriente,15,Boyaca,15204,Combita
 Centro Oriente,15,Boyaca,15212,Coper
 Centro Oriente,15,Boyaca,15215,Corrales
 Centro Oriente,15,Boyaca,15218,Covarachia
 Centro Oriente,15,Boyaca,15223,Cubara
 Centro Oriente,15,Boyaca,15224,Cucaita
 Centro Oriente,15,Boyaca,15226,Cuitiva
 Centro Oriente,15,Boyaca,15232,Chiquiza
 Centro Oriente,15,Boyaca,15236,Chivor
 Centro Oriente,15,Boyaca,15238,Duitama
 Centro Oriente,15,Boyaca,15244,El Cocuy
 Centro Oriente,15,Boyaca,15248,El Espino
 Centro Oriente,15,Boyaca,15272,Firavitoba
 Centro Oriente,15,Boyaca,15276,Floresta
 Centro Oriente,15,Boyaca,15293,Gachantiva
 Centro Oriente,15,Boyaca,15296,Gameza
 Centro Oriente,15,Boyaca,15299,Garagoa
 Centro Oriente,15,Boyaca,15317,Guacamayas
 Centro Oriente,15,Boyaca,15322,Guateque
 Centro Oriente,15,Boyaca,15325,Guayata
 Centro Oriente,15,Boyaca,15332,Güican
 Centro Oriente,15,Boyaca,15362,Iza
 Centro Oriente,15,Boyaca,15367,Jenesano
 Centro Oriente,15,Boyaca,15368,Jerico
 Centro Oriente,15,Boyaca,15377,Labranzagrande
 Centro Oriente,15,Boyaca,15401,La Victoria
 Centro Oriente,15,Boyaca,15403,La Uvita
 Centro Oriente,15,Boyaca,15407,Villa de Leyva
 Centro Oriente,15,Boyaca,15425,Macanal
 Centro Oriente,15,Boyaca,15442,Maripi
 Centro Oriente,15,Boyaca,15455,Miraflores
 Centro Oriente,15,Boyaca,15464,Mongua
 Centro Oriente,15,Boyaca,15466,Mongui
 Centro Oriente,15,Boyaca,15469,Moniquira
 Centro Oriente,15,Boyaca,15476,Motavita
 Centro Oriente,15,Boyaca,15491,Nobsa
 Centro Oriente,15,Boyaca,15494,Nuevo Colon
 Centro Oriente,15,Boyaca,15507,Otanche
 Centro Oriente,15,Boyaca,15511,Pachavita
 Centro Oriente,15,Boyaca,15514,Paez
 Centro Oriente,15,Boyaca,15516,Paipa
 Centro Oriente,15,Boyaca,15518,Pajarito
 Centro Oriente,15,Boyaca,15522,Panqueba
 Centro Oriente,15,Boyaca,15531,Pauna
 Centro Oriente,15,Boyaca,15533,Paya
 Centro Oriente,15,Boyaca,15537,Paz de Rio
 Centro Oriente,15,Boyaca,15542,Pesca
 Centro Oriente,15,Boyaca,15572,Puerto Boyaca
 Centro Oriente,15,Boyaca,15599,Ramiriqui
 Centro Oriente,15,Boyaca,15621,Rondon
 Centro Oriente,15,Boyaca,15632,Saboya
 Centro Oriente,15,Boyaca,15638,Sachica
 Centro Oriente,15,Boyaca,15646,Samaca
 Centro Oriente,15,Boyaca,15664,San Jose de Pare
 Centro Oriente,15,Boyaca,15667,San Luis de Gaceno
 Centro Oriente,15,Boyaca,15673,San Mateo
 Centro Oriente,15,Boyaca,15676,San Miguel de Sema
 Centro Oriente,15,Boyaca,15681,San Pablo de Borbur
 Centro Oriente,15,Boyaca,15686,Santana
 Centro Oriente,15,Boyaca,15693,Santa Rosa de Viterbo
 Centro Oriente,15,Boyaca,15696,Santa Sofia
 Centro Oriente,15,Boyaca,15723,Sativasur
 Centro Oriente,15,Boyaca,15753,Soata
 Centro Oriente,15,Boyaca,15755,Socota
 Centro Oriente,15,Boyaca,15757,Socha
 Centro Oriente,15,Boyaca,15759,Sogamoso
 Centro Oriente,15,Boyaca,15761,Somondoco
 Centro Oriente,15,Boyaca,15762,Sora
 Centro Oriente,15,Boyaca,15763,Sotaquira
 Centro Oriente,15,Boyaca,15764,Soraca
 Centro Oriente,15,Boyaca,15774,Susacon
 Centro Oriente,15,Boyaca,15776,Sutamarchan
 Centro Oriente,15,Boyaca,15778,Sutatenza
 Centro Oriente,15,Boyaca,15798,Tenza
 Centro Oriente,15,Boyaca,15804,Tibana
 Centro Oriente,15,Boyaca,15806,Tibasosa
 Centro Oriente,15,Boyaca,15808,Tinjaca
 Centro Oriente,15,Boyaca,15814,Toca
 Centro Oriente,15,Boyaca,15816,Togüi
 Centro Oriente,15,Boyaca,15822,Tota
 Centro Oriente,15,Boyaca,15832,Tunungua
 Centro Oriente,15,Boyaca,15835,Turmeque
 Centro Oriente,15,Boyaca,15837,Tuta
 Centro Oriente,15,Boyaca,15839,Tutaza
 Centro Oriente,15,Boyaca,15842,Umbita
 Centro Oriente,15,Boyaca,15861,Ventaquemada
 Centro Oriente,15,Boyaca,15879,Viracacha
 Centro Oriente,15,Boyaca,15897,Zetaquira
 Eje Cafetero - Antioquia,17,Caldas,17001,Manizales
 Eje Cafetero - Antioquia,17,Caldas,17013,Aguadas
 Eje Cafetero - Antioquia,17,Caldas,17042,Anserma
 Eje Cafetero - Antioquia,17,Caldas,17088,Belalcazar
 Eje Cafetero - Antioquia,17,Caldas,17174,Chinchina
 Eje Cafetero - Antioquia,17,Caldas,17272,Filadelfia
 Eje Cafetero - Antioquia,17,Caldas,17388,La Merced
 Eje Cafetero - Antioquia,17,Caldas,17433,Manzanares
 Eje Cafetero - Antioquia,17,Caldas,17442,Marmato
 Eje Cafetero - Antioquia,17,Caldas,17444,Marquetalia
 Eje Cafetero - Antioquia,17,Caldas,17446,Marulanda
 Eje Cafetero - Antioquia,17,Caldas,17486,Neira
 Eje Cafetero - Antioquia,17,Caldas,17495,Norcasia
 Eje Cafetero - Antioquia,17,Caldas,17513,Pacora
 Eje Cafetero - Antioquia,17,Caldas,17524,Palestina
 Eje Cafetero - Antioquia,17,Caldas,17541,Pensilvania
 Eje Cafetero - Antioquia,17,Caldas,17614,Riosucio
 Eje Cafetero - Antioquia,17,Caldas,17616,Risaralda
 Eje Cafetero - Antioquia,17,Caldas,17653,Salamina
 Eje Cafetero - Antioquia,17,Caldas,17662,Samana
 Eje Cafetero - Antioquia,17,Caldas,17665,San Jose
 Eje Cafetero - Antioquia,17,Caldas,17777,Supia
 Eje Cafetero - Antioquia,17,Caldas,17867,Victoria
 Eje Cafetero - Antioquia,17,Caldas,17873,Villamaria
 Eje Cafetero - Antioquia,17,Caldas,17877,Viterbo
 Centro Sur,18,Caqueta,18001,Florencia
 Centro Sur,18,Caqueta,18029,Albania
 Centro Sur,18,Caqueta,18094,Belen de Los Andaquies
 Centro Sur,18,Caqueta,18205,Curillo
 Centro Sur,18,Caqueta,18247,El Doncello
 Centro Sur,18,Caqueta,18256,El Paujil
 Centro Sur,18,Caqueta,18479,Morelia
 Centro Sur,18,Caqueta,18592,Puerto Rico
 Centro Sur,18,Caqueta,18753,San Vicente del Caguan
 Centro Sur,18,Caqueta,18756,Solano
 Centro Sur,18,Caqueta,18785,Solita
 Pacifico,19,Cauca,19001,Popayan
 Pacifico,19,Cauca,19022,Almaguer
 Pacifico,19,Cauca,19075,Balboa
 Pacifico,19,Cauca,19137,Caldono
 Pacifico,19,Cauca,19142,Caloto
 Pacifico,19,Cauca,19212,Corinto
 Pacifico,19,Cauca,19256,El Tambo
 Pacifico,19,Cauca,19318,Guapi
 Pacifico,19,Cauca,19355,Inza
 Pacifico,19,Cauca,19364,Jambalo
 Pacifico,19,Cauca,19392,La Sierra
 Pacifico,19,Cauca,19397,La Vega
 Pacifico,19,Cauca,19418,Lopez
 Pacifico,19,Cauca,19455,Miranda
 Pacifico,19,Cauca,19473,Morales
 Pacifico,19,Cauca,19513,Padilla
 Pacifico,19,Cauca,19517,Paez
 Pacifico,19,Cauca,19532,Patia
 Pacifico,19,Cauca,19533,Piamonte
 Pacifico,19,Cauca,19548,Piendamo
 Pacifico,19,Cauca,19573,Puerto Tejada
 Pacifico,19,Cauca,19585,Purace
 Pacifico,19,Cauca,19622,Rosas
 Pacifico,19,Cauca,19693,San Sebastian
 Pacifico,19,Cauca,19698,Santander de Quilichao
 Pacifico,19,Cauca,19701,Santa Rosa
 Pacifico,19,Cauca,19743,Silvia
 Pacifico,19,Cauca,19785,Sucre
 Pacifico,19,Cauca,19807,Timbio
 Pacifico,19,Cauca,19809,Timbiqui
 Pacifico,19,Cauca,19821,Toribio
 Pacifico,19,Cauca,19824,Totoro
 Pacifico,19,Cauca,19845,Villa Rica
 Caribe,20,Cesar,20001,Valledupar
 Caribe,20,Cesar,20011,Aguachica
 Caribe,20,Cesar,20013,Agustin Codazzi
 Caribe,20,Cesar,20032,Astrea
 Caribe,20,Cesar,20045,Becerril
 Caribe,20,Cesar,20175,Chimichagua
 Caribe,20,Cesar,20178,Chiriguana
 Caribe,20,Cesar,20228,Curumani
 Caribe,20,Cesar,20238,El Copey
 Caribe,20,Cesar,20295,Gamarra
 Caribe,20,Cesar,20383,La Gloria
 Caribe,20,Cesar,20443,Manaure
 Caribe,20,Cesar,20517,Pailitas
 Caribe,20,Cesar,20614,Rio de Oro
 Caribe,20,Cesar,20621,La Paz
 Caribe,20,Cesar,20787,Tamalameque
 Caribe,23,Cordoba,23001,Monteria
 Caribe,23,Cordoba,23068,Ayapel
 Caribe,23,Cordoba,23079,Buenavista
 Caribe,23,Cordoba,23162,Cerete
 Caribe,23,Cordoba,23168,Chima
 Caribe,23,Cordoba,23182,Chinú
 Caribe,23,Cordoba,23189,Cienaga de Oro
 Caribe,23,Cordoba,23417,Lorica
 Caribe,23,Cordoba,23419,Los Cordobas
 Caribe,23,Cordoba,23464,Momil
 Caribe,23,Cordoba,23466,Montelibano
 Caribe,23,Cordoba,23555,Planeta Rica
 Caribe,23,Cordoba,23574,Puerto Escondido
 Caribe,23,Cordoba,23586,Purisima
 Caribe,23,Cordoba,23672,San Antero
 Caribe,23,Cordoba,23675,San Bernardo del Viento
 Caribe,23,Cordoba,23678,San Carlos
 Caribe,23,Cordoba,23682,San Jose de Ure
 Caribe,23,Cordoba,23686,San Pelayo
 Caribe,23,Cordoba,23807,Tierralta
 Caribe,23,Cordoba,23815,Tuchin
 Caribe,23,Cordoba,23855,Valencia
 Centro Oriente,25,Cundinamarca,25001,Agua de Dios
 Centro Oriente,25,Cundinamarca,25019,Alban
 Centro Oriente,25,Cundinamarca,25035,Anapoima
 Centro Oriente,25,Cundinamarca,25053,Arbelaez
 Centro Oriente,25,Cundinamarca,25086,Beltran
 Centro Oriente,25,Cundinamarca,25095,Bituima
 Centro Oriente,25,Cundinamarca,25099,Bojaca
 Centro Oriente,25,Cundinamarca,25123,Cachipay
 Centro Oriente,25,Cundinamarca,25126,Cajica
 Centro Oriente,25,Cundinamarca,25148,Caparrapi
 Centro Oriente,25,Cundinamarca,25151,Caqueza
 Centro Oriente,25,Cundinamarca,25154,Carmen de Carupa
 Centro Oriente,25,Cundinamarca,25168,Chaguani
 Centro Oriente,25,Cundinamarca,25175,Chia
 Centro Oriente,25,Cundinamarca,25178,Chipaque
 Centro Oriente,25,Cundinamarca,25181,Choachi
 Centro Oriente,25,Cundinamarca,25183,Choconta
 Centro Oriente,25,Cundinamarca,25214,Cota
 Centro Oriente,25,Cundinamarca,25224,Cucunuba
 Centro Oriente,25,Cundinamarca,25245,El Colegio
 Centro Oriente,25,Cundinamarca,25258,El Penon
 Centro Oriente,25,Cundinamarca,25269,Facatativa
 Centro Oriente,25,Cundinamarca,25279,Fomeque
 Centro Oriente,25,Cundinamarca,25281,Fosca
 Centro Oriente,25,Cundinamarca,25286,Funza
 Centro Oriente,25,Cundinamarca,25288,Fúquene
 Centro Oriente,25,Cundinamarca,25293,Gachala
 Centro Oriente,25,Cundinamarca,25295,Gachancipa
 Centro Oriente,25,Cundinamarca,25297,Gacheta
 Centro Oriente,25,Cundinamarca,25299,Gama
 Centro Oriente,25,Cundinamarca,25307,Girardot
 Centro Oriente,25,Cundinamarca,25312,Granada
 Centro Oriente,25,Cundinamarca,25317,Guacheta
 Centro Oriente,25,Cundinamarca,25322,Guasca
 Centro Oriente,25,Cundinamarca,25324,Guataqui
 Centro Oriente,25,Cundinamarca,25326,Guatavita
 Centro Oriente,25,Cundinamarca,25328,Guayabal de Siquima
 Centro Oriente,25,Cundinamarca,25335,Guayabetal
 Centro Oriente,25,Cundinamarca,25339,Gutierrez
 Centro Oriente,25,Cundinamarca,25368,Jerusalen
 Centro Oriente,25,Cundinamarca,25372,Junin
 Centro Oriente,25,Cundinamarca,25377,La Calera
 Centro Oriente,25,Cundinamarca,25386,La Mesa
 Centro Oriente,25,Cundinamarca,25394,La Palma
 Centro Oriente,25,Cundinamarca,25398,La Pena
 Centro Oriente,25,Cundinamarca,25402,La Vega
 Centro Oriente,25,Cundinamarca,25407,Lenguazaque
 Centro Oriente,25,Cundinamarca,25426,Macheta
 Centro Oriente,25,Cundinamarca,25436,Manta
 Centro Oriente,25,Cundinamarca,25438,Medina
 Centro Oriente,25,Cundinamarca,25473,Mosquera
 Centro Oriente,25,Cundinamarca,25483,Narino
 Centro Oriente,25,Cundinamarca,25486,Nemocon
 Centro Oriente,25,Cundinamarca,25488,Nilo
 Centro Oriente,25,Cundinamarca,25489,Nimaima
 Centro Oriente,25,Cundinamarca,25491,Nocaima
 Centro Oriente,25,Cundinamarca,25506,Venecia
 Centro Oriente,25,Cundinamarca,25513,Pacho
 Centro Oriente,25,Cundinamarca,25518,Paime
 Centro Oriente,25,Cundinamarca,25524,Pandi
 Centro Oriente,25,Cundinamarca,25535,Pasca
 Centro Oriente,25,Cundinamarca,25572,Puerto Salgar
 Centro Oriente,25,Cundinamarca,25592,Quebradanegra
 Centro Oriente,25,Cundinamarca,25594,Quetame
 Centro Oriente,25,Cundinamarca,25596,Quipile
 Centro Oriente,25,Cundinamarca,25599,Apulo
 Centro Oriente,25,Cundinamarca,25612,Ricaurte
 Centro Oriente,25,Cundinamarca,25645,San Antonio del Tequendama
 Centro Oriente,25,Cundinamarca,25649,San Bernardo
 Centro Oriente,25,Cundinamarca,25653,San Cayetano
 Centro Oriente,25,Cundinamarca,25658,San Francisco
 Centro Oriente,25,Cundinamarca,25662,San Juan de Rio Seco
 Centro Oriente,25,Cundinamarca,25718,Sasaima
 Centro Oriente,25,Cundinamarca,25736,Sesquile
 Centro Oriente,25,Cundinamarca,25743,Silvania
 Centro Oriente,25,Cundinamarca,25745,Simijaca
 Centro Oriente,25,Cundinamarca,25754,Soacha
 Centro Oriente,25,Cundinamarca,25758,Sopo
 Centro Oriente,25,Cundinamarca,25769,Subachoque
 Centro Oriente,25,Cundinamarca,25772,Suesca
 Centro Oriente,25,Cundinamarca,25777,Supata
 Centro Oriente,25,Cundinamarca,25779,Susa
 Centro Oriente,25,Cundinamarca,25781,Sutatausa
 Centro Oriente,25,Cundinamarca,25785,Tabio
 Centro Oriente,25,Cundinamarca,25793,Tausa
 Centro Oriente,25,Cundinamarca,25797,Tena
 Centro Oriente,25,Cundinamarca,25799,Tenjo
 Centro Oriente,25,Cundinamarca,25805,Tibacuy
 Centro Oriente,25,Cundinamarca,25807,Tibirita
 Centro Oriente,25,Cundinamarca,25815,Tocaima
 Centro Oriente,25,Cundinamarca,25817,Tocancipa
 Centro Oriente,25,Cundinamarca,25823,Topaipi
 Centro Oriente,25,Cundinamarca,25839,Ubala
 Centro Oriente,25,Cundinamarca,25841,Ubaque
 Centro Oriente,25,Cundinamarca,25843,Villa de San Diego de Ubate
 Centro Oriente,25,Cundinamarca,25845,Une
 Centro Oriente,25,Cundinamarca,25851,Útica
 Centro Oriente,25,Cundinamarca,25862,Vergara
 Centro Oriente,25,Cundinamarca,25867,Viani
 Centro Oriente,25,Cundinamarca,25871,Villagomez
 Centro Oriente,25,Cundinamarca,25873,Villapinzon
 Centro Oriente,25,Cundinamarca,25875,Villeta
 Centro Oriente,25,Cundinamarca,25878,Viota
 Centro Oriente,25,Cundinamarca,25885,Yacopi
 Centro Oriente,25,Cundinamarca,25898,Zipacon
 Centro Oriente,25,Cundinamarca,25899,Zipaquira
 Pacifico,27,Choco,27001,Quibdo
 Pacifico,27,Choco,27006,Acandi
 Pacifico,27,Choco,27025,Alto Baudo
 Pacifico,27,Choco,27073,Bagado
 Pacifico,27,Choco,27075,Bahia Solano
 Pacifico,27,Choco,27077,Bajo Baudo
 Pacifico,27,Choco,27086,Belen de Bajira
 Pacifico,27,Choco,27099,Bojaya
 Pacifico,27,Choco,27135,El Canton del San Pablo
 Pacifico,27,Choco,27205,Condoto
 Pacifico,27,Choco,27245,El Carmen de Atrato
 Pacifico,27,Choco,27361,Istmina
 Pacifico,27,Choco,27372,Jurado
 Pacifico,27,Choco,27413,Lloro
 Pacifico,27,Choco,27425,Medio Atrato
 Pacifico,27,Choco,27491,Novita
 Pacifico,27,Choco,27495,Nuqui
 Pacifico,27,Choco,27615,Riosucio
 Pacifico,27,Choco,27745,Sipi
 Pacifico,27,Choco,27787,Tado
 Centro Sur,41,Huila,41001,Neiva
 Centro Sur,41,Huila,41006,Acevedo
 Centro Sur,41,Huila,41013,Agrado
 Centro Sur,41,Huila,41016,Aipe
 Centro Sur,41,Huila,41026,Altamira
 Centro Sur,41,Huila,41078,Baraya
 Centro Sur,41,Huila,41132,Campoalegre
 Centro Sur,41,Huila,41206,Colombia
 Centro Sur,41,Huila,41244,Elias
 Centro Sur,41,Huila,41298,Garzon
 Centro Sur,41,Huila,41306,Gigante
 Centro Sur,41,Huila,41319,Guadalupe
 Centro Sur,41,Huila,41349,Hobo
 Centro Sur,41,Huila,41357,Iquira
 Centro Sur,41,Huila,41359,Isnos
 Centro Sur,41,Huila,41378,La Argentina
 Centro Sur,41,Huila,41396,La Plata
 Centro Sur,41,Huila,41483,Nataga
 Centro Sur,41,Huila,41503,Oporapa
 Centro Sur,41,Huila,41518,Paicol
 Centro Sur,41,Huila,41524,Palermo
 Centro Sur,41,Huila,41548,Pital
 Centro Sur,41,Huila,41551,Pitalito
 Centro Sur,41,Huila,41615,Rivera
 Centro Sur,41,Huila,41668,San Agustin
 Centro Sur,41,Huila,41676,Santa Maria
 Centro Sur,41,Huila,41791,Tarqui
 Centro Sur,41,Huila,41797,Tesalia
 Centro Sur,41,Huila,41799,Tello
 Centro Sur,41,Huila,41801,Teruel
 Centro Sur,41,Huila,41807,Timana
 Centro Sur,41,Huila,41872,Villavieja
 Centro Sur,41,Huila,41885,Yaguara
 Caribe,44,La Guajira,44001,Riohacha
 Caribe,44,La Guajira,44035,Albania
 Caribe,44,La Guajira,44078,Barrancas
 Caribe,44,La Guajira,44098,Distraccion
 Caribe,44,La Guajira,44279,Fonseca
 Caribe,44,La Guajira,44378,Hatonuevo
 Caribe,44,La Guajira,44847,Uribia
 Caribe,44,La Guajira,44855,Urumita
 Caribe,44,La Guajira,44874,Villanueva
 Caribe,47,Magdalena,47001,Santa Marta
 Caribe,47,Magdalena,47053,Aracataca
 Caribe,47,Magdalena,47058,Ariguani
 Caribe,47,Magdalena,47161,Cerro San Antonio
 Caribe,47,Magdalena,47189,Cienaga
 Caribe,47,Magdalena,47205,Concordia
 Caribe,47,Magdalena,47245,El Banco
 Caribe,47,Magdalena,47258,El Pinon
 Caribe,47,Magdalena,47268,El Reten
 Caribe,47,Magdalena,47288,Fundacion
 Caribe,47,Magdalena,47318,Guamal
 Caribe,47,Magdalena,47541,Pedraza
 Caribe,47,Magdalena,47545,Pijino del Carmen
 Caribe,47,Magdalena,47551,Pivijay
 Caribe,47,Magdalena,47555,Plato
 Caribe,47,Magdalena,47605,Remolino
 Caribe,47,Magdalena,47675,Salamina
 Caribe,47,Magdalena,47692,San Sebastian de Buenavista
 Caribe,47,Magdalena,47703,San Zenon
 Caribe,47,Magdalena,47707,Santa Ana
 Caribe,47,Magdalena,47745,Sitionuevo
 Caribe,47,Magdalena,47798,Tenerife
 Llano,50,Meta,50001,Villavicencio
 Llano,50,Meta,50006,Acacias
 Llano,50,Meta,50124,Cabuyaro
 Llano,50,Meta,50223,Cubarral
 Llano,50,Meta,50226,Cumaral
 Llano,50,Meta,50245,El Calvario
 Llano,50,Meta,50251,El Castillo
 Llano,50,Meta,50287,Fuente de Oro
 Llano,50,Meta,50313,Granada
 Llano,50,Meta,50318,Guamal
 Llano,50,Meta,50325,Mapiripan
 Llano,50,Meta,50568,Puerto Gaitan
 Llano,50,Meta,50573,Puerto Lopez
 Llano,50,Meta,50577,Puerto Lleras
 Llano,50,Meta,50606,Restrepo
 Llano,50,Meta,50683,San Juan de Arama
 Llano,50,Meta,50686,San Juanito
 Llano,50,Meta,50689,San Martin
 Llano,50,Meta,50711,Vista Hermosa
 Pacifico,52,Narino,52001,Pasto
 Pacifico,52,Narino,52019,Alban
 Pacifico,52,Narino,52022,Aldana
 Pacifico,52,Narino,52036,Ancuya
 Pacifico,52,Narino,52051,Arboleda
 Pacifico,52,Narino,52079,Barbacoas
 Pacifico,52,Narino,52083,Belen
 Pacifico,52,Narino,52203,Colon
 Pacifico,52,Narino,52207,Consaca
 Pacifico,52,Narino,52215,Cordoba
 Pacifico,52,Narino,52224,Cuaspud
 Pacifico,52,Narino,52227,Cumbal
 Pacifico,52,Narino,52233,Cumbitara
 Pacifico,52,Narino,52254,El Penol
 Pacifico,52,Narino,52256,El Rosario
 Pacifico,52,Narino,52258,El Tablon de Gomez
 Pacifico,52,Narino,52287,Funes
 Pacifico,52,Narino,52317,Guachucal
 Pacifico,52,Narino,52323,Gualmatan
 Pacifico,52,Narino,52352,Iles
 Pacifico,52,Narino,52354,Imues
 Pacifico,52,Narino,52356,Ipiales
 Pacifico,52,Narino,52378,La Cruz
 Pacifico,52,Narino,52381,La Florida
 Pacifico,52,Narino,52385,La Llanada
 Pacifico,52,Narino,52399,La Union
 Pacifico,52,Narino,52405,Leiva
 Pacifico,52,Narino,52411,Linares
 Pacifico,52,Narino,52418,Los Andes
 Pacifico,52,Narino,52427,Magüi
 Pacifico,52,Narino,52435,Mallama
 Pacifico,52,Narino,52473,Mosquera
 Pacifico,52,Narino,52506,Ospina
 Pacifico,52,Narino,52565,Providencia
 Pacifico,52,Narino,52573,Puerres
 Pacifico,52,Narino,52585,Pupiales
 Pacifico,52,Narino,52612,Ricaurte
 Pacifico,52,Narino,52621,Roberto Payan
 Pacifico,52,Narino,52678,Samaniego
 Pacifico,52,Narino,52683,Sandona
 Pacifico,52,Narino,52685,San Bernardo
 Pacifico,52,Narino,52687,San Lorenzo
 Pacifico,52,Narino,52693,San Pablo
 Pacifico,52,Narino,52694,San Pedro de Cartago
 Pacifico,52,Narino,52696,Santa Barbara
 Pacifico,52,Narino,52699,Santacruz
 Pacifico,52,Narino,52786,Taminango
 Pacifico,52,Narino,52788,Tangua
 Pacifico,52,Narino,52835,San Andres de Tumaco
 Pacifico,52,Narino,52838,Túquerres
 Pacifico,52,Narino,52885,Yacuanquer
 Centro Oriente,54,Norte de Santander,54001,Cúcuta
 Centro Oriente,54,Norte de Santander,54003,Abrego
 Centro Oriente,54,Norte de Santander,54051,Arboledas
 Centro Oriente,54,Norte de Santander,54099,Bochalema
 Centro Oriente,54,Norte de Santander,54109,Bucarasica
 Centro Oriente,54,Norte de Santander,54125,Cacota
 Centro Oriente,54,Norte de Santander,54128,Cachira
 Centro Oriente,54,Norte de Santander,54172,Chinacota
 Centro Oriente,54,Norte de Santander,54174,Chitaga
 Centro Oriente,54,Norte de Santander,54206,Convencion
 Centro Oriente,54,Norte de Santander,54223,Cucutilla
 Centro Oriente,54,Norte de Santander,54239,Durania
 Centro Oriente,54,Norte de Santander,54245,El Carmen
 Centro Oriente,54,Norte de Santander,54261,El Zulia
 Centro Oriente,54,Norte de Santander,54313,Gramalote
 Centro Oriente,54,Norte de Santander,54344,Hacari
 Centro Oriente,54,Norte de Santander,54347,Herran
 Centro Oriente,54,Norte de Santander,54377,Labateca
 Centro Oriente,54,Norte de Santander,54385,La Esperanza
 Centro Oriente,54,Norte de Santander,54398,La Playa
 Centro Oriente,54,Norte de Santander,54405,Los Patios
 Centro Oriente,54,Norte de Santander,54418,Lourdes
 Centro Oriente,54,Norte de Santander,54498,Ocana
 Centro Oriente,54,Norte de Santander,54518,Pamplona
 Centro Oriente,54,Norte de Santander,54553,Puerto Santander
 Centro Oriente,54,Norte de Santander,54599,Ragonvalia
 Centro Oriente,54,Norte de Santander,54673,San Cayetano
 Centro Oriente,54,Norte de Santander,54743,Silos
 Centro Oriente,54,Norte de Santander,54871,Villa Caro
 Centro Oriente,54,Norte de Santander,54874,Villa del Rosario
 Eje Cafetero - Antioquia,63,Quindio,63001,Armenia
 Eje Cafetero - Antioquia,63,Quindio,63111,Buenavista
 Eje Cafetero - Antioquia,63,Quindio,63212,Cordoba
 Eje Cafetero - Antioquia,63,Quindio,63272,Filandia
 Eje Cafetero - Antioquia,63,Quindio,63302,Genova
 Eje Cafetero - Antioquia,63,Quindio,63401,La Tebaida
 Eje Cafetero - Antioquia,63,Quindio,63548,Pijao
 Eje Cafetero - Antioquia,63,Quindio,63594,Quimbaya
 Eje Cafetero - Antioquia,66,Risaralda,66001,Pereira
 Eje Cafetero - Antioquia,66,Risaralda,66045,Apia
 Eje Cafetero - Antioquia,66,Risaralda,66075,Balboa
 Eje Cafetero - Antioquia,66,Risaralda,66088,Belen de Umbria
 Eje Cafetero - Antioquia,66,Risaralda,66318,Guatica
 Eje Cafetero - Antioquia,66,Risaralda,66383,La Celia
 Eje Cafetero - Antioquia,66,Risaralda,66456,Mistrato
 Eje Cafetero - Antioquia,66,Risaralda,66572,Pueblo Rico
 Eje Cafetero - Antioquia,66,Risaralda,66594,Quinchia
 Eje Cafetero - Antioquia,66,Risaralda,66682,Santa Rosa de Cabal
 Eje Cafetero - Antioquia,66,Risaralda,66687,Santuario
 Centro Oriente,68,Santander,68001,Bucaramanga
 Centro Oriente,68,Santander,68013,Aguada
 Centro Oriente,68,Santander,68051,Aratoca
 Centro Oriente,68,Santander,68077,Barbosa
 Centro Oriente,68,Santander,68079,Barichara
 Centro Oriente,68,Santander,68081,Barrancabermeja
 Centro Oriente,68,Santander,68092,Betulia
 Centro Oriente,68,Santander,68101,Bolivar
 Centro Oriente,68,Santander,68121,Cabrera
 Centro Oriente,68,Santander,68132,California
 Centro Oriente,68,Santander,68147,Capitanejo
 Centro Oriente,68,Santander,68152,Carcasi
 Centro Oriente,68,Santander,68162,Cerrito
 Centro Oriente,68,Santander,68167,Charala
 Centro Oriente,68,Santander,68169,Charta
 Centro Oriente,68,Santander,68176,Chima
 Centro Oriente,68,Santander,68179,Chipata
 Centro Oriente,68,Santander,68207,Concepcion
 Centro Oriente,68,Santander,68209,Confines
 Centro Oriente,68,Santander,68211,Contratacion
 Centro Oriente,68,Santander,68217,Coromoro
 Centro Oriente,68,Santander,68229,Curiti
 Centro Oriente,68,Santander,68235,El Carmen de Chucuri
 Centro Oriente,68,Santander,68245,El Guacamayo
 Centro Oriente,68,Santander,68255,El Playon
 Centro Oriente,68,Santander,68264,Encino
 Centro Oriente,68,Santander,68266,Enciso
 Centro Oriente,68,Santander,68271,Florian
 Centro Oriente,68,Santander,68276,Floridablanca
 Centro Oriente,68,Santander,68296,Galan
 Centro Oriente,68,Santander,68298,Gambita
 Centro Oriente,68,Santander,68307,Giron
 Centro Oriente,68,Santander,68318,Guaca
 Centro Oriente,68,Santander,68322,Guapota
 Centro Oriente,68,Santander,68324,Guavata
 Centro Oriente,68,Santander,68327,Güepsa
 Centro Oriente,68,Santander,68344,Hato
 Centro Oriente,68,Santander,68368,Jesús Maria
 Centro Oriente,68,Santander,68377,La Belleza
 Centro Oriente,68,Santander,68385,Landazuri
 Centro Oriente,68,Santander,68397,La Paz
 Centro Oriente,68,Santander,68406,Lebrija
 Centro Oriente,68,Santander,68418,Los Santos
 Centro Oriente,68,Santander,68425,Macaravita
 Centro Oriente,68,Santander,68432,Malaga
 Centro Oriente,68,Santander,68444,Matanza
 Centro Oriente,68,Santander,68464,Mogotes
 Centro Oriente,68,Santander,68468,Molagavita
 Centro Oriente,68,Santander,68498,Ocamonte
 Centro Oriente,68,Santander,68502,Onzaga
 Centro Oriente,68,Santander,68522,Palmar
 Centro Oriente,68,Santander,68524,Palmas del Socorro
 Centro Oriente,68,Santander,68533,Paramo
 Centro Oriente,68,Santander,68547,Piedecuesta
 Centro Oriente,68,Santander,68549,Pinchote
 Centro Oriente,68,Santander,68572,Puente Nacional
 Centro Oriente,68,Santander,68573,Puerto Parra
 Centro Oriente,68,Santander,68575,Puerto Wilches
 Centro Oriente,68,Santander,68615,Rionegro
 Centro Oriente,68,Santander,68655,Sabana de Torres
 Centro Oriente,68,Santander,68669,San Andres
 Centro Oriente,68,Santander,68673,San Benito
 Centro Oriente,68,Santander,68679,San Gil
 Centro Oriente,68,Santander,68682,San Joaquin
 Centro Oriente,68,Santander,68684,San Jose de Miranda
 Centro Oriente,68,Santander,68686,San Miguel
 Centro Oriente,68,Santander,68689,San Vicente de Chucuri
 Centro Oriente,68,Santander,68705,Santa Barbara
 Centro Oriente,68,Santander,68745,Simacota
 Centro Oriente,68,Santander,68755,Socorro
 Centro Oriente,68,Santander,68773,Sucre
 Centro Oriente,68,Santander,68855,Valle de San Jose
 Centro Oriente,68,Santander,68861,Velez
 Centro Oriente,68,Santander,68867,Vetas
 Centro Oriente,68,Santander,68872,Villanueva
 Centro Oriente,68,Santander,68895,Zapatoca
 Caribe,70,Sucre,70001,Sincelejo
 Caribe,70,Sucre,70124,Caimito
 Caribe,70,Sucre,70204,Coloso
 Caribe,70,Sucre,70215,Corozal
 Caribe,70,Sucre,70221,Covenas
 Caribe,70,Sucre,70233,El Roble
 Caribe,70,Sucre,70235,Galeras
 Caribe,70,Sucre,70265,Guaranda
 Caribe,70,Sucre,70418,Los Palmitos
 Caribe,70,Sucre,70429,Majagual
 Caribe,70,Sucre,70473,Morroa
 Caribe,70,Sucre,70508,Ovejas
 Caribe,70,Sucre,70523,Palmito
 Caribe,70,Sucre,70678,San Benito Abad
 Caribe,70,Sucre,70702,San Juan de Betulia
 Caribe,70,Sucre,70708,San Marcos
 Caribe,70,Sucre,70713,San Onofre
 Caribe,70,Sucre,70717,San Pedro
 Caribe,70,Sucre,70742,San Luis de Since
 Caribe,70,Sucre,70771,Sucre
 Caribe,70,Sucre,70823,Tolú Viejo
 Centro Sur,73,Tolima,73001,Ibague
 Centro Sur,73,Tolima,73024,Alpujarra
 Centro Sur,73,Tolima,73026,Alvarado
 Centro Sur,73,Tolima,73043,Anzoategui
 Centro Sur,73,Tolima,73055,Armero
 Centro Sur,73,Tolima,73067,Ataco
 Centro Sur,73,Tolima,73124,Cajamarca
 Centro Sur,73,Tolima,73148,Carmen de Apicala
 Centro Sur,73,Tolima,73152,Casabianca
 Centro Sur,73,Tolima,73168,Chaparral
 Centro Sur,73,Tolima,73217,Coyaima
 Centro Sur,73,Tolima,73226,Cunday
 Centro Sur,73,Tolima,73236,Dolores
 Centro Sur,73,Tolima,73268,Espinal
 Centro Sur,73,Tolima,73275,Flandes
 Centro Sur,73,Tolima,73283,Fresno
 Centro Sur,73,Tolima,73319,Guamo
 Centro Sur,73,Tolima,73347,Herveo
 Centro Sur,73,Tolima,73349,Honda
 Centro Sur,73,Tolima,73352,Icononzo
 Centro Sur,73,Tolima,73408,Lerida
 Centro Sur,73,Tolima,73411,Libano
 Centro Sur,73,Tolima,73443,Mariquita
 Centro Sur,73,Tolima,73449,Melgar
 Centro Sur,73,Tolima,73461,Murillo
 Centro Sur,73,Tolima,73483,Natagaima
 Centro Sur,73,Tolima,73504,Ortega
 Centro Sur,73,Tolima,73547,Piedras
 Centro Sur,73,Tolima,73555,Planadas
 Centro Sur,73,Tolima,73563,Prado
 Centro Sur,73,Tolima,73585,Purificacion
 Centro Sur,73,Tolima,73616,Rio Blanco
 Centro Sur,73,Tolima,73622,Roncesvalles
 Centro Sur,73,Tolima,73624,Rovira
 Centro Sur,73,Tolima,73671,Saldana
 Centro Sur,73,Tolima,73675,San Antonio
 Centro Sur,73,Tolima,73678,San Luis
 Centro Sur,73,Tolima,73686,Santa Isabel
 Centro Sur,73,Tolima,73854,Valle de San Juan
 Centro Sur,73,Tolima,73861,Venadillo
 Centro Sur,73,Tolima,73873,Villarrica
 Pacifico,76,Valle del Cauca,76001,Cali
 Pacifico,76,Valle del Cauca,76036,Andalucia
 Pacifico,76,Valle del Cauca,76041,Ansermanuevo
 Pacifico,76,Valle del Cauca,76054,Argelia
 Pacifico,76,Valle del Cauca,76109,Buenaventura
 Pacifico,76,Valle del Cauca,76111,Guadalajara de Buga
 Pacifico,76,Valle del Cauca,76113,Bugalagrande
 Pacifico,76,Valle del Cauca,76122,Caicedonia
 Pacifico,76,Valle del Cauca,76126,Calima
 Pacifico,76,Valle del Cauca,76147,Cartago
 Pacifico,76,Valle del Cauca,76233,Dagua
 Pacifico,76,Valle del Cauca,76243,El Águila
 Pacifico,76,Valle del Cauca,76246,El Cairo
 Pacifico,76,Valle del Cauca,76248,El Cerrito
 Pacifico,76,Valle del Cauca,76275,Florida
 Pacifico,76,Valle del Cauca,76306,Ginebra
 Pacifico,76,Valle del Cauca,76318,Guacari
 Pacifico,76,Valle del Cauca,76364,Jamundi
 Pacifico,76,Valle del Cauca,76377,La Cumbre
 Pacifico,76,Valle del Cauca,76403,La Victoria
 Pacifico,76,Valle del Cauca,76497,Obando
 Pacifico,76,Valle del Cauca,76563,Pradera
 Pacifico,76,Valle del Cauca,76606,Restrepo
 Pacifico,76,Valle del Cauca,76616,Riofrio
 Pacifico,76,Valle del Cauca,76622,Roldanillo
 Pacifico,76,Valle del Cauca,76736,Sevilla
 Pacifico,76,Valle del Cauca,76823,Toro
 Pacifico,76,Valle del Cauca,76828,Trujillo
 Pacifico,76,Valle del Cauca,76834,Tulua
 Pacifico,76,Valle del Cauca,76845,Ulloa
 Pacifico,76,Valle del Cauca,76863,Versalles
 Pacifico,76,Valle del Cauca,76869,Vijes
 Pacifico,76,Valle del Cauca,76892,Yumbo
 Pacifico,76,Valle del Cauca,76895,Zarzal
 Llano,81,Arauca,81001,Arauca
 Llano,81,Arauca,81065,Arauquita
 Llano,81,Arauca,81591,Puerto Rondon
 Llano,81,Arauca,81736,Saravena
 Llano,81,Arauca,81794,Tame
 Llano,85,Casanare,85001,Yopal
 Llano,85,Casanare,85015,Chameza
 Llano,85,Casanare,85125,Hato Corozal
 Llano,85,Casanare,85136,La Salina
 Llano,85,Casanare,85139,Mani
 Llano,85,Casanare,85162,Monterrey
 Llano,85,Casanare,85225,Nunchia
 Llano,85,Casanare,85263,Pore
 Llano,85,Casanare,85279,Recetor
 Llano,85,Casanare,85315,Sacama
 Llano,85,Casanare,85325,San Luis de Gaceno
 Centro Sur,86,Putumayo,86001,Mocoa
 Centro Sur,86,Putumayo,86219,Colon
 Centro Sur,86,Putumayo,86568,Puerto Asis
 Centro Sur,86,Putumayo,86569,Puerto Caicedo
 Centro Sur,86,Putumayo,86571,Puerto Guzman
 Centro Sur,86,Putumayo,86573,Leguizamo
 Centro Sur,86,Putumayo,86749,Sibundoy
 Centro Sur,86,Putumayo,86755,San Francisco
 Centro Sur,86,Putumayo,86757,San Miguel
 Centro Sur,86,Putumayo,86865,Valle de Guamez
 Centro Sur,86,Putumayo,86885,Villagarzon
 Caribe,88,"Archipielago de San Andres, Providencia y Santa Catalina",88001,San Andres
 Caribe,88,"Archipielago de San Andres, Providencia y Santa Catalina",88564,Providencia
 Centro Sur,91,Amazonas,91001,Leticia
 Centro Sur,91,Amazonas,91263,El Encanto
 Centro Sur,91,Amazonas,91405,La Chorrera
 Centro Sur,91,Amazonas,91407,La Pedrera
 Centro Sur,91,Amazonas,91536,Puerto Arica
 Centro Sur,91,Amazonas,91669,Puerto Santander
 Centro Sur,91,Amazonas,91798,Tarapaca
 Llano,94,Guainia,94001,Inirida
 Llano,94,Guainia,94343,Barranco Minas
 Llano,94,Guainia,94663,Mapiripana
 Llano,94,Guainia,94883,San Felipe
 Llano,94,Guainia,94884,Puerto Colombia
 Llano,94,Guainia,94885,La Guadalupe
 Llano,94,Guainia,94886,Cacahual
 Llano,94,Guainia,94887,Pana Pana
 Llano,94,Guainia,94888,Morichal
 Llano,95,Guaviare,95001,San Jose del Guaviare
 Llano,95,Guaviare,95015,Calamar
 Llano,95,Guaviare,95025,El Retorno
 Centro Sur,97,Vaupes,97001,Mitú
 Centro Sur,97,Vaupes,97161,Carurú
 Centro Sur,97,Vaupes,97511,Pacoa
 Centro Sur,97,Vaupes,97666,Taraira
 Centro Sur,97,Vaupes,97777,Papunahua
 Centro Sur,97,Vaupes,97889,Yavarate
 Llano,99,Vichada,99001,Puerto Carreno
 Llano,99,Vichada,99524,La Primavera
 Llano,99,Vichada,99624,Santa Rosalia
 Llano,99,Vichada,99773,Cumaribo
